Borrower_ID,Age,Gender,Employment_Type,Monthly_Income,Num_Dependents,Loan_ID,Loan_Amount,Loan_Tenure,Interest_Rate,Loan_Type,Collateral_Value,Outstanding_Loan_Amount,Monthly_EMI,Payment_History,Num_Missed_Payments,Days_Past_Due,Recovery_Status,Collection_Attempts,Collection_Method,Legal_Action_Taken
BRW_1,59,Male,Salaried,215422,0,LN_1,1445796,60,12.39,Home,1727997.257896650,291413.005791598,4856.88,On-Time,0,0,Partially Recovered,1,Settlement Offer,No
BRW_2,49,Female,Salaried,60893,0,LN_2,1044620,12,13.47,Auto,1180032.3616897500,665204.1539129510,55433.68,On-Time,0,0,Fully Recovered,2,Settlement Offer,No
BRW_3,35,Male,Salaried,116520,1,LN_3,1923410,72,7.74,Home,2622539.93058324,1031371.9973934200,14324.61,Delayed,2,124,Fully Recovered,2,Legal Notice,No
BRW_4,63,Female,Salaried,140818,2,LN_4,1811663,36,12.23,Home,1145492.680105320,224973.92125700900,6249.28,On-Time,1,56,Fully Recovered,2,Calls,No
BRW_5,28,Male,Salaried,76272,1,LN_5,88578,48,16.13,Personal,0.0,39189.892007881900,816.46,On-Time,1,69,Fully Recovered,0,Debt Collectors,No
BRW_6,41,Male,Salaried,238224,3,LN_6,664741,36,15.86,Auto,982214.6278297240,129965.52504238300,3610.15,On-Time,1,111,Partially Recovered,6,Legal Notice,No
BRW_7,59,Female,Self-Employed,82649,1,LN_7,1514110,60,17.06,Home,1639218.859256180,875490.423272566,14591.51,On-Time,0,0,Partially Recovered,8,Debt Collectors,No
BRW_8,39,Male,Salaried,79674,0,LN_8,912147,12,9.76,Personal,0.0,416121.3808523010,34676.78,Delayed,0,0,Fully Recovered,0,Settlement Offer,No
BRW_9,43,Male,Self-Employed,159832,3,LN_9,258859,72,9.13,Home,387116.943602344,168733.8015005950,2343.53,On-Time,3,124,Fully Recovered,3,Settlement Offer,No
BRW_10,31,Male,Self-Employed,167999,0,LN_10,161435,60,14.74,Personal,0.0,133190.65476845600,2219.84,Delayed,0,0,Partially Recovered,6,Legal Notice,No
BRW_11,31,Male,Business Owner,101475,2,LN_11,790389,24,10.6,Auto,1115645.7126623800,292208.24821751300,12175.34,On-Time,0,0,Fully Recovered,0,Calls,No
BRW_12,44,Female,Self-Employed,76367,0,LN_12,1250114,60,6.14,Home,901978.8431104030,1207474.9788615400,20124.58,On-Time,0,0,Fully Recovered,1,Settlement Offer,No
BRW_13,56,Male,Self-Employed,244027,0,LN_13,1980750,60,8.68,Business,1101617.9011159900,1152937.2333349500,19215.62,Delayed,1,7,Written Off,8,Debt Collectors,No
BRW_14,60,Male,Business Owner,158660,1,LN_14,95475,48,10.44,Personal,0.0,62675.68261000200,1305.74,Missed,3,99,Fully Recovered,2,Debt Collectors,No
BRW_15,44,Male,Business Owner,136750,0,LN_15,896574,36,8.8,Auto,677486.3648804820,638903.2371172430,17747.31,Delayed,0,0,Written Off,9,Legal Notice,No
BRW_16,23,Female,Salaried,247750,3,LN_16,1839096,36,9.32,Home,1889788.1966202400,1287474.5606714800,35763.18,On-Time,1,86,Fully Recovered,3,Debt Collectors,No
BRW_17,42,Male,Salaried,133154,3,LN_17,1256212,24,8.82,Auto,843667.4154636970,703320.0211559110,29305.0,On-Time,3,171,Fully Recovered,3,Calls,No
BRW_18,22,Male,Salaried,198305,2,LN_18,1252060,36,5.54,Personal,0.0,608360.7564997460,16898.91,Delayed,1,173,Fully Recovered,0,Settlement Offer,No
BRW_19,44,Female,Salaried,59738,3,LN_19,1192102,72,13.28,Home,795680.0963593830,176912.4283538030,2457.12,On-Time,3,103,Written Off,3,Debt Collectors,Yes
BRW_20,64,Female,Self-Employed,48397,1,LN_20,1149577,12,12.76,Auto,1106575.4021005000,137808.14180541500,11484.01,On-Time,2,42,Fully Recovered,2,Debt Collectors,No
BRW_21,50,Male,Self-Employed,97189,2,LN_21,894081,60,13.49,Personal,0.0,377449.7724921440,6290.83,Delayed,0,0,Fully Recovered,1,Settlement Offer,No
BRW_22,58,Male,Self-Employed,91367,3,LN_22,242029,36,7.5,Personal,0.0,96882.95052926380,2691.19,Delayed,1,119,Written Off,4,Legal Notice,No
BRW_23,22,Male,Salaried,217332,1,LN_23,478733,48,8.84,Home,255292.97564182000,214915.518105388,4477.41,Missed,11,32,Fully Recovered,3,Debt Collectors,No
BRW_24,41,Male,Self-Employed,135585,3,LN_24,718516,60,13.06,Home,446836.53750875700,161329.38960644100,2688.82,Missed,6,159,Fully Recovered,3,Legal Notice,No
BRW_25,53,Male,Self-Employed,91619,3,LN_25,990568,72,12.8,Personal,0.0,757142.0806682260,10515.86,Delayed,2,136,Fully Recovered,0,Legal Notice,No
BRW_26,32,Male,Self-Employed,126453,0,LN_26,1648575,36,11.58,Personal,0.0,1436350.5990807600,39898.63,On-Time,2,6,Partially Recovered,0,Debt Collectors,No
BRW_27,42,Male,Business Owner,34816,3,LN_27,1652970,48,9.56,Personal,0.0,1561797.4177508000,32537.45,On-Time,1,100,Fully Recovered,1,Calls,No
BRW_28,64,Male,Self-Employed,188312,3,LN_28,1950466,36,16.87,Auto,1786356.4032296600,1059348.9394270400,29426.36,On-Time,1,151,Fully Recovered,1,Legal Notice,No
BRW_29,45,Female,Salaried,152348,1,LN_29,1581064,12,9.42,Home,890344.4267719840,1155408.573149840,96284.05,On-Time,2,144,Fully Recovered,2,Debt Collectors,No
BRW_30,47,Female,Self-Employed,94530,1,LN_30,1491149,36,10.92,Auto,1337195.4056786100,1297293.68194425,36035.94,On-Time,0,0,Fully Recovered,0,Legal Notice,No
BRW_31,62,Male,Salaried,169571,0,LN_31,267583,48,13.82,Business,260627.51866128300,127493.13134175500,2656.11,On-Time,0,0,Written Off,8,Settlement Offer,Yes
BRW_32,48,Female,Salaried,234648,3,LN_32,413898,36,12.06,Home,393727.34903163400,156648.60327415800,4351.35,On-Time,3,169,Written Off,6,Calls,No
BRW_33,36,Female,Self-Employed,123856,0,LN_33,188286,60,9.51,Personal,0.0,177563.50775108700,2959.39,On-Time,0,0,Partially Recovered,1,Calls,No
BRW_34,35,Male,Salaried,228567,3,LN_34,277189,36,10.66,Personal,0.0,156364.78076485300,4343.47,On-Time,2,6,Partially Recovered,3,Settlement Offer,No
BRW_35,64,Male,Self-Employed,86635,2,LN_35,1225055,48,15.33,Personal,0.0,670752.5240338290,13974.01,On-Time,2,21,Partially Recovered,1,Settlement Offer,No
BRW_36,23,Male,Salaried,122803,2,LN_36,1518919,36,8.62,Business,2079665.70523184,395791.53907851600,10994.21,On-Time,2,164,Fully Recovered,3,Legal Notice,No
BRW_37,57,Male,Self-Employed,231184,0,LN_37,1234789,60,6.85,Home,1271909.7888108700,243672.66006101900,4061.21,Delayed,0,0,Partially Recovered,1,Settlement Offer,No
BRW_38,27,Female,Salaried,50946,0,LN_38,603172,72,9.07,Personal,0.0,517458.9524121140,7186.93,On-Time,3,109,Fully Recovered,1,Calls,No
BRW_39,41,Male,Business Owner,70204,0,LN_39,1363428,48,16.04,Personal,0.0,889936.5313286960,18540.34,On-Time,0,0,Fully Recovered,3,Settlement Offer,No
BRW_40,29,Male,Self-Employed,197958,1,LN_40,854807,60,6.16,Home,827436.4751894690,336146.1216727220,5602.44,Delayed,3,34,Partially Recovered,4,Debt Collectors,No
BRW_41,59,Female,Salaried,217724,1,LN_41,1637952,36,17.89,Home,1491698.0299077700,446444.4486721400,12401.23,On-Time,0,0,Fully Recovered,2,Debt Collectors,No
BRW_42,38,Female,Salaried,30563,1,LN_42,1418335,48,12.03,Personal,0.0,850926.6113824550,17727.64,On-Time,2,118,Partially Recovered,6,Legal Notice,No
BRW_43,24,Male,Business Owner,107324,0,LN_43,1470858,36,17.8,Business,1938036.8869661800,920061.9221676500,25557.28,On-Time,2,46,Fully Recovered,3,Calls,No
BRW_44,45,Female,Salaried,238536,3,LN_44,1798982,36,17.21,Home,2509681.7195768300,515038.1864795340,14306.62,On-Time,1,12,Partially Recovered,7,Debt Collectors,No
BRW_45,34,Female,Salaried,247944,2,LN_45,322158,60,10.89,Personal,0.0,279074.2556362990,4651.24,Missed,11,66,Fully Recovered,1,Settlement Offer,No
BRW_46,29,Female,Salaried,24847,0,LN_46,1818361,72,7.58,Auto,2460683.3295317400,319736.8333967680,4440.79,On-Time,0,0,Partially Recovered,7,Debt Collectors,No
BRW_47,46,Male,Salaried,41155,1,LN_47,1495065,24,7.14,Personal,0.0,628650.5775369030,26193.77,Delayed,0,0,Partially Recovered,8,Debt Collectors,No
BRW_48,22,Female,Self-Employed,94671,1,LN_48,752495,48,8.12,Business,883087.9323109810,536036.7824908060,11167.43,On-Time,1,97,Fully Recovered,1,Legal Notice,No
BRW_49,40,Male,Self-Employed,131891,0,LN_49,1463562,48,14.23,Business,932818.4316534050,507429.1331207610,10571.44,On-Time,2,83,Fully Recovered,3,Settlement Offer,No
BRW_50,48,Female,Salaried,98310,0,LN_50,1588814,24,8.55,Auto,1234301.883708480,1342401.1432290900,55933.38,On-Time,0,0,Fully Recovered,1,Settlement Offer,No
BRW_51,27,Female,Salaried,213350,1,LN_51,128077,24,9.44,Auto,69938.11900719660,98091.74646474990,4087.16,On-Time,1,54,Fully Recovered,1,Settlement Offer,No
BRW_52,64,Female,Self-Employed,164381,3,LN_52,1238360,36,10.83,Personal,0.0,1003220.8967971600,27867.25,On-Time,0,0,Partially Recovered,1,Legal Notice,No
BRW_53,28,Female,Salaried,146691,1,LN_53,1304352,24,16.87,Business,1866298.243861510,270256.36345548000,11260.68,On-Time,3,116,Written Off,4,Settlement Offer,Yes
BRW_54,55,Female,Salaried,229266,1,LN_54,365018,24,7.46,Home,423712.3577107170,82673.80841000940,3444.74,On-Time,2,83,Fully Recovered,3,Settlement Offer,No
BRW_55,34,Female,Business Owner,196180,0,LN_55,119087,36,5.07,Auto,148425.616804211,42612.4682061103,1183.68,Delayed,3,86,Partially Recovered,5,Debt Collectors,No
BRW_56,37,Male,Self-Employed,49707,3,LN_56,1897305,36,5.78,Business,1539799.119368060,1074385.856323640,29844.05,On-Time,2,97,Partially Recovered,8,Debt Collectors,No
BRW_57,56,Male,Self-Employed,166409,1,LN_57,1863205,60,16.76,Business,2507228.3709747600,1440657.064768040,24010.95,Delayed,1,71,Fully Recovered,2,Settlement Offer,No
BRW_58,60,Male,Self-Employed,96537,1,LN_58,863560,48,13.42,Auto,655963.0116792940,736511.1544229370,15343.98,Delayed,2,107,Partially Recovered,0,Calls,No
BRW_59,24,Female,Salaried,212576,2,LN_59,1691232,72,8.55,Personal,0.0,1241198.1825692000,17238.86,On-Time,2,64,Partially Recovered,4,Calls,No
BRW_60,22,Male,Self-Employed,193686,0,LN_60,793859,36,7.3,Business,398234.4113775320,742843.3925975280,20634.54,On-Time,1,20,Fully Recovered,2,Settlement Offer,No
BRW_61,26,Male,Salaried,237500,2,LN_61,1439678,60,8.83,Home,1261755.3404118700,1101165.300593160,18352.76,On-Time,2,120,Fully Recovered,3,Calls,No
BRW_62,62,Male,Salaried,106155,2,LN_62,345064,72,6.49,Business,369481.23966566200,129620.21994522400,1800.28,Delayed,0,0,Fully Recovered,1,Legal Notice,No
BRW_63,24,Male,Salaried,15281,1,LN_63,301514,60,17.24,Home,295093.21654461700,102084.54652945400,1701.41,On-Time,1,4,Written Off,7,Debt Collectors,No
BRW_64,49,Female,Salaried,173492,0,LN_64,978660,36,15.19,Personal,0.0,711068.1330704980,19751.89,Delayed,1,138,Written Off,8,Legal Notice,No
BRW_65,38,Female,Self-Employed,226968,3,LN_65,192180,60,11.01,Personal,0.0,52577.279301693100,876.29,On-Time,1,13,Partially Recovered,7,Debt Collectors,No
BRW_66,46,Male,Salaried,185102,1,LN_66,834192,24,16.24,Home,1136233.0215282600,153026.9581134970,6376.12,Delayed,3,89,Fully Recovered,2,Calls,No
BRW_67,64,Female,Salaried,147130,3,LN_67,485928,36,8.24,Auto,294183.3797941080,281352.59741980900,7815.35,On-Time,3,57,Fully Recovered,2,Calls,No
BRW_68,54,Male,Salaried,232285,3,LN_68,970114,48,14.32,Personal,0.0,814388.7908420870,16966.43,Delayed,2,166,Fully Recovered,3,Settlement Offer,No
BRW_69,30,Male,Salaried,91260,0,LN_69,651891,48,16.13,Home,686978.0165381600,124668.84619877000,2597.27,On-Time,1,17,Fully Recovered,3,Calls,No
BRW_70,56,Female,Self-Employed,174476,2,LN_70,1132448,12,9.64,Personal,0.0,920342.9712648430,76695.25,On-Time,2,166,Partially Recovered,5,Calls,No
BRW_71,34,Male,Salaried,249554,0,LN_71,1371448,72,14.85,Auto,1389248.5033531800,1138870.7220015300,15817.65,On-Time,0,0,Written Off,3,Settlement Offer,Yes
BRW_72,51,Male,Self-Employed,175928,3,LN_72,407246,60,8.84,Home,318219.1664176850,217488.34169348700,3624.81,On-Time,1,10,Written Off,3,Settlement Offer,No
BRW_73,35,Female,Salaried,155272,1,LN_73,1587111,48,8.89,Personal,0.0,240573.14108794800,5011.94,Missed,0,0,Partially Recovered,9,Debt Collectors,No
BRW_74,28,Male,Salaried,79178,3,LN_74,1482769,72,6.39,Personal,0.0,381265.6772295450,5295.36,On-Time,2,7,Fully Recovered,3,Calls,No
BRW_75,34,Male,Self-Employed,48997,1,LN_75,1905591,36,10.72,Personal,0.0,1403817.7288008900,38994.94,On-Time,3,63,Fully Recovered,1,Debt Collectors,No
BRW_76,43,Male,Salaried,171683,1,LN_76,135774,72,14.49,Home,179524.19975703100,100554.24483288100,1396.59,On-Time,2,51,Fully Recovered,3,Debt Collectors,No
BRW_77,60,Male,Self-Employed,134273,0,LN_77,438518,48,17.22,Personal,0.0,398402.26270037700,8300.05,On-Time,0,0,Partially Recovered,0,Legal Notice,No
BRW_78,41,Male,Salaried,187307,3,LN_78,1297098,24,12.85,Personal,0.0,809930.7317912910,33747.11,On-Time,1,5,Partially Recovered,5,Calls,No
BRW_79,36,Male,Salaried,181129,2,LN_79,1318933,60,16.22,Business,1652423.436248690,279213.672538752,4653.56,Delayed,2,159,Fully Recovered,3,Calls,No
BRW_80,38,Female,Business Owner,147311,3,LN_80,462672,60,15.69,Auto,570409.4259211930,96824.94944381680,1613.75,On-Time,1,39,Fully Recovered,3,Legal Notice,No
BRW_81,44,Female,Salaried,249746,3,LN_81,1976126,60,7.25,Home,2719529.7373129000,1480156.1607327000,24669.27,Missed,10,61,Fully Recovered,3,Debt Collectors,No
BRW_82,46,Female,Salaried,211733,2,LN_82,1164518,72,11.32,Business,1423954.6775465700,309070.2955779110,4292.64,On-Time,3,32,Fully Recovered,1,Calls,No
BRW_83,45,Female,Self-Employed,141945,0,LN_83,587977,60,6.52,Personal,0.0,232572.5088172660,3876.21,On-Time,3,121,Fully Recovered,3,Debt Collectors,No
BRW_84,61,Female,Salaried,60272,3,LN_84,1656140,48,13.87,Home,1212031.636860430,891816.1638292930,18579.5,Delayed,3,171,Fully Recovered,0,Legal Notice,No
BRW_85,49,Male,Self-Employed,104393,3,LN_85,1608141,72,17.35,Home,1938714.8246750500,196656.97349117000,2731.35,Delayed,1,29,Fully Recovered,1,Settlement Offer,No
BRW_86,35,Male,Salaried,76212,1,LN_86,1621128,60,6.78,Home,1309389.6464650500,525143.5424712910,8752.39,On-Time,2,144,Partially Recovered,8,Debt Collectors,No
BRW_87,21,Male,Business Owner,161470,3,LN_87,676256,36,14.54,Personal,0.0,315879.61558162900,8774.43,Delayed,1,55,Fully Recovered,2,Calls,No
BRW_88,45,Male,Self-Employed,135030,2,LN_88,463089,72,13.22,Home,343692.9166547600,162855.75278523000,2261.89,On-Time,1,119,Fully Recovered,0,Settlement Offer,No
BRW_89,27,Male,Self-Employed,71503,1,LN_89,1898058,24,12.59,Home,1087594.0535318800,422760.7119111900,17615.03,On-Time,2,179,Fully Recovered,3,Debt Collectors,No
BRW_90,29,Male,Business Owner,152710,0,LN_90,640504,60,10.07,Auto,796805.2818270080,483715.6868507460,8061.93,Delayed,3,65,Fully Recovered,0,Debt Collectors,No
BRW_91,44,Female,Salaried,21570,1,LN_91,1838380,72,9.62,Personal,0.0,1529224.947676950,21239.24,On-Time,3,94,Fully Recovered,3,Settlement Offer,No
BRW_92,21,Female,Business Owner,83785,2,LN_92,396184,60,5.59,Personal,0.0,131426.54561607300,2190.44,On-Time,2,42,Fully Recovered,0,Settlement Offer,No
BRW_93,64,Male,Salaried,24110,2,LN_93,595932,60,7.83,Personal,0.0,474944.42243375100,7915.74,Delayed,1,155,Fully Recovered,1,Settlement Offer,No
BRW_94,28,Male,Salaried,94141,1,LN_94,112021,60,5.2,Personal,0.0,50073.18625401960,834.55,Missed,2,155,Fully Recovered,3,Calls,No
BRW_95,44,Male,Salaried,27115,0,LN_95,742485,48,12.56,Home,899150.0492333060,412834.4394800110,8600.72,On-Time,3,29,Partially Recovered,10,Calls,No
BRW_96,31,Female,Salaried,54062,1,LN_96,510115,72,6.38,Personal,0.0,444004.5894872090,6166.73,On-Time,0,0,Fully Recovered,1,Debt Collectors,No
BRW_97,37,Female,Salaried,37911,0,LN_97,92291,24,16.35,Auto,67787.69129401980,71521.67772250340,2980.07,On-Time,0,0,Partially Recovered,1,Debt Collectors,No
BRW_98,28,Male,Self-Employed,119061,1,LN_98,478276,24,11.8,Personal,0.0,394388.86046208700,16432.87,Missed,1,41,Fully Recovered,3,Legal Notice,No
BRW_99,55,Female,Self-Employed,47556,2,LN_99,444754,36,14.1,Personal,0.0,99251.59169795370,2756.99,Delayed,1,79,Fully Recovered,2,Calls,No
BRW_100,55,Male,Business Owner,224203,3,LN_100,1003680,48,10.34,Home,1253976.731505700,163346.39398871800,3403.05,On-Time,1,27,Fully Recovered,2,Debt Collectors,No
BRW_101,53,Male,Salaried,143335,3,LN_101,353664,48,12.29,Personal,0.0,319734.9810973570,6661.15,On-Time,3,148,Fully Recovered,3,Settlement Offer,No
BRW_102,25,Male,Self-Employed,16969,0,LN_102,75675,60,17.25,Home,107295.10882810500,33981.92251481330,566.37,On-Time,0,0,Written Off,10,Settlement Offer,Yes
BRW_103,62,Male,Salaried,58753,0,LN_103,723647,36,6.08,Home,439998.33100190900,259855.63885648100,7218.21,Delayed,3,6,Partially Recovered,1,Calls,No
BRW_104,59,Female,Salaried,228883,0,LN_104,312318,48,8.3,Personal,0.0,234933.91626469000,4894.46,Delayed,3,79,Written Off,5,Settlement Offer,Yes
BRW_105,61,Female,Salaried,150542,2,LN_105,1190844,12,15.14,Personal,0.0,1015520.8452241900,84626.74,Delayed,3,147,Written Off,10,Legal Notice,No
BRW_106,48,Male,Salaried,136863,1,LN_106,1395718,36,6.28,Personal,0.0,1222984.8610869900,33971.8,Missed,8,173,Partially Recovered,8,Debt Collectors,No
BRW_107,27,Female,Self-Employed,25225,2,LN_107,758672,48,5.98,Personal,0.0,291631.56474658300,6075.66,On-Time,2,96,Fully Recovered,3,Debt Collectors,No
BRW_108,29,Female,Salaried,138008,3,LN_108,679698,12,9.7,Personal,0.0,589292.1520874960,49107.68,On-Time,0,0,Fully Recovered,2,Debt Collectors,No
BRW_109,28,Female,Salaried,169268,0,LN_109,387369,36,6.2,Personal,0.0,53007.78698851120,1472.44,On-Time,0,0,Written Off,10,Calls,No
BRW_110,32,Male,Salaried,120823,1,LN_110,1929822,24,12.61,Personal,0.0,279236.2548946000,11634.84,On-Time,2,101,Partially Recovered,7,Settlement Offer,No
BRW_111,54,Male,Salaried,28669,3,LN_111,1445811,12,7.94,Home,1059254.1107826200,955922.9199845450,79660.24,On-Time,2,50,Fully Recovered,0,Legal Notice,No
BRW_112,53,Male,Salaried,183452,3,LN_112,362863,48,16.64,Home,453673.38252490600,56895.36977473700,1185.32,On-Time,0,0,Partially Recovered,9,Calls,No
BRW_113,43,Male,Business Owner,139398,3,LN_113,179887,24,15.19,Home,139323.68197716800,70542.37254620870,2939.27,Delayed,2,19,Fully Recovered,0,Debt Collectors,No
BRW_114,44,Male,Salaried,125677,2,LN_114,346063,60,14.1,Personal,0.0,244140.65938171200,4069.01,Delayed,3,151,Fully Recovered,1,Legal Notice,No
BRW_115,57,Female,Salaried,63320,0,LN_115,1433875,60,13.02,Personal,0.0,578626.2135217790,9643.77,On-Time,1,176,Fully Recovered,2,Debt Collectors,No
BRW_116,55,Male,Salaried,193486,3,LN_116,383713,48,16.23,Auto,431548.1875643280,100394.59384215100,2091.55,On-Time,3,160,Partially Recovered,3,Debt Collectors,No
BRW_117,64,Male,Self-Employed,249614,0,LN_117,1926336,72,7.9,Home,1119517.567496530,680411.8483494980,9450.16,On-Time,0,0,Partially Recovered,1,Calls,No
BRW_118,60,Male,Business Owner,161649,2,LN_118,1300130,48,16.35,Auto,1237987.0091568800,665429.6750468790,13863.12,Delayed,2,62,Fully Recovered,3,Debt Collectors,No
BRW_119,42,Male,Self-Employed,140354,3,LN_119,1909626,48,15.26,Personal,0.0,1007990.8704771600,20999.81,Delayed,1,26,Fully Recovered,0,Legal Notice,No
BRW_120,47,Male,Self-Employed,103009,2,LN_120,608963,72,14.73,Home,754560.8296110950,490032.65289369800,6806.01,On-Time,0,0,Fully Recovered,0,Debt Collectors,No
BRW_121,55,Male,Salaried,201481,2,LN_121,1593586,24,12.3,Home,1890812.0084385200,1235248.9158491600,51468.7,On-Time,2,178,Partially Recovered,7,Settlement Offer,No
BRW_122,21,Male,Salaried,43625,0,LN_122,855351,72,8.2,Personal,0.0,437200.7093504050,6072.23,On-Time,1,77,Fully Recovered,1,Debt Collectors,No
BRW_123,55,Male,Business Owner,227112,3,LN_123,840605,12,10.51,Home,1105456.1831885900,723845.4817902560,60320.46,On-Time,1,175,Fully Recovered,2,Calls,No
BRW_124,57,Male,Self-Employed,39089,2,LN_124,421513,36,15.32,Home,580613.9782408820,85488.49509916750,2374.68,On-Time,2,153,Fully Recovered,0,Legal Notice,No
BRW_125,34,Female,Self-Employed,51487,3,LN_125,862832,12,5.41,Personal,0.0,284577.5376962330,23714.79,Delayed,1,30,Fully Recovered,0,Calls,No
BRW_126,23,Male,Self-Employed,211910,0,LN_126,231517,60,15.17,Personal,0.0,195673.26421058600,3261.22,Delayed,0,0,Fully Recovered,2,Settlement Offer,No
BRW_127,21,Male,Self-Employed,243071,2,LN_127,120305,48,8.12,Auto,153170.3411189350,52957.615535227400,1103.28,On-Time,2,144,Partially Recovered,0,Debt Collectors,No
BRW_128,25,Male,Self-Employed,125448,0,LN_128,742924,60,6.88,Business,870400.6523351590,730341.3955468210,12172.36,Delayed,3,10,Fully Recovered,2,Calls,No
BRW_129,46,Female,Business Owner,240867,3,LN_129,1537606,36,6.5,Personal,0.0,798983.0588772,22193.97,Missed,0,0,Partially Recovered,5,Calls,No
BRW_130,34,Male,Business Owner,65138,3,LN_130,522963,36,5.35,Personal,0.0,425034.02627279900,11806.5,On-Time,0,0,Fully Recovered,2,Calls,No
BRW_131,59,Male,Self-Employed,188895,0,LN_131,1711655,12,11.81,Personal,0.0,790915.2730256100,65909.61,On-Time,2,88,Fully Recovered,3,Calls,No
BRW_132,47,Female,Self-Employed,183280,1,LN_132,1257610,36,7.84,Home,668699.5229327590,606744.2155972930,16854.01,Missed,12,136,Fully Recovered,1,Settlement Offer,No
BRW_133,29,Male,Salaried,69061,2,LN_133,528108,72,17.86,Personal,0.0,234794.08783136000,3261.03,On-Time,2,109,Partially Recovered,3,Settlement Offer,No
BRW_134,35,Female,Self-Employed,176731,3,LN_134,1053346,36,12.47,Business,1090178.0055691400,787026.4857063230,21861.85,Missed,3,169,Written Off,8,Debt Collectors,Yes
BRW_135,35,Male,Salaried,116376,3,LN_135,644821,60,6.79,Personal,0.0,382228.0265657050,6370.47,Missed,0,0,Written Off,6,Debt Collectors,No
BRW_136,46,Male,Salaried,177962,2,LN_136,237256,60,13.95,Personal,0.0,225250.91763173200,3754.18,Delayed,1,94,Fully Recovered,1,Legal Notice,No
BRW_137,62,Male,Business Owner,94134,0,LN_137,526128,36,16.67,Home,282897.8286140020,171413.1784117100,4761.48,Delayed,0,0,Fully Recovered,1,Settlement Offer,No
BRW_138,33,Female,Salaried,62055,0,LN_138,1073920,48,14.69,Auto,1404760.190157240,204588.6963151470,4262.26,Delayed,0,0,Partially Recovered,2,Calls,No
BRW_139,52,Male,Salaried,34508,0,LN_139,940023,12,5.99,Home,771499.9296564230,426709.6569066780,35559.14,Delayed,3,17,Partially Recovered,1,Calls,No
BRW_140,59,Female,Salaried,188359,1,LN_140,1764514,24,16.65,Home,1874671.5046423100,1155829.7859585800,48159.57,On-Time,0,0,Fully Recovered,3,Legal Notice,No
BRW_141,52,Male,Salaried,224988,1,LN_141,1753924,12,15.32,Business,1367087.831194000,1534190.7231675200,127849.23,On-Time,1,129,Partially Recovered,9,Calls,No
BRW_142,24,Female,Self-Employed,173056,3,LN_142,1772560,48,7.06,Personal,0.0,729545.2781086730,15198.86,On-Time,1,165,Fully Recovered,1,Legal Notice,No
BRW_143,50,Male,Salaried,125169,0,LN_143,1083668,36,5.67,Auto,1389804.366460300,746005.8029157890,20722.38,Delayed,3,87,Fully Recovered,3,Debt Collectors,No
BRW_144,57,Female,Salaried,23125,2,LN_144,875626,48,12.25,Personal,0.0,363541.3632426740,7573.78,On-Time,1,3,Fully Recovered,1,Settlement Offer,No
BRW_145,43,Male,Salaried,51059,3,LN_145,1470623,48,7.03,Auto,2039022.5052376900,963989.883321853,20083.12,On-Time,2,107,Fully Recovered,1,Legal Notice,No
BRW_146,59,Male,Self-Employed,215641,2,LN_146,1492181,36,15.85,Home,1340937.255657340,1337482.3464873300,37152.29,On-Time,3,125,Fully Recovered,3,Calls,No
BRW_147,35,Male,Self-Employed,118409,3,LN_147,1460023,60,9.66,Personal,0.0,450011.03103205800,7500.18,Delayed,1,27,Fully Recovered,2,Legal Notice,No
BRW_148,63,Male,Salaried,163159,1,LN_148,292188,60,16.87,Auto,398229.5683151890,135521.90123157400,2258.7,Missed,8,110,Fully Recovered,3,Debt Collectors,No
BRW_149,49,Male,Salaried,20704,3,LN_149,426047,12,12.35,Personal,0.0,423464.59142897400,35288.72,Missed,12,92,Fully Recovered,2,Calls,No
BRW_150,56,Male,Salaried,206648,1,LN_150,903823,24,7.37,Personal,0.0,796901.9370491610,33204.25,On-Time,1,162,Fully Recovered,0,Debt Collectors,No
BRW_151,33,Female,Self-Employed,219456,3,LN_151,287501,60,6.81,Home,220534.83171870300,174851.17140651400,2914.19,Delayed,2,117,Partially Recovered,7,Debt Collectors,No
BRW_152,52,Male,Self-Employed,233200,0,LN_152,1418722,36,12.49,Personal,0.0,801528.037333613,22264.67,Delayed,3,39,Fully Recovered,2,Legal Notice,No
BRW_153,27,Female,Salaried,126279,2,LN_153,347675,60,14.9,Home,359725.7364302830,123821.09412600200,2063.68,On-Time,2,111,Fully Recovered,1,Debt Collectors,No
BRW_154,42,Female,Salaried,218532,0,LN_154,758175,36,15.16,Personal,0.0,428739.2320573880,11909.42,On-Time,3,45,Fully Recovered,0,Calls,No
BRW_155,48,Male,Salaried,173280,3,LN_155,1627850,36,8.58,Personal,0.0,1405426.0267775100,39039.61,On-Time,3,133,Written Off,7,Debt Collectors,No
BRW_156,22,Female,Self-Employed,133516,3,LN_156,1917306,24,7.66,Personal,0.0,1374050.8848191100,57252.12,Missed,1,166,Fully Recovered,2,Debt Collectors,No
BRW_157,62,Female,Salaried,231222,3,LN_157,313625,36,5.22,Personal,0.0,113231.05250358900,3145.31,On-Time,1,69,Fully Recovered,2,Legal Notice,No
BRW_158,26,Male,Salaried,212096,1,LN_158,892840,48,13.83,Home,1213156.5550171900,251171.5425460930,5232.74,On-Time,1,157,Fully Recovered,3,Debt Collectors,No
BRW_159,48,Male,Salaried,185954,2,LN_159,250339,36,6.0,Auto,206750.30942909400,84786.73594892430,2355.19,Delayed,0,0,Partially Recovered,4,Settlement Offer,No
BRW_160,48,Male,Salaried,171995,2,LN_160,1744814,60,10.47,Business,2537033.3006999600,441059.8080971210,7351.0,On-Time,2,137,Fully Recovered,3,Legal Notice,No
BRW_161,64,Male,Self-Employed,129044,3,LN_161,984339,72,12.82,Auto,612140.2469039850,183162.4803749600,2543.92,On-Time,0,0,Fully Recovered,2,Legal Notice,No
BRW_162,64,Male,Salaried,247549,3,LN_162,175355,48,17.18,Personal,0.0,83683.36148235790,1743.4,Delayed,1,123,Fully Recovered,1,Calls,No
BRW_163,40,Male,Self-Employed,44165,1,LN_163,77798,60,9.05,Home,40320.76387434930,15712.834360678800,261.88,On-Time,1,119,Fully Recovered,3,Calls,No
BRW_164,50,Female,Self-Employed,82203,0,LN_164,665937,36,8.25,Personal,0.0,169628.33965960300,4711.9,Delayed,0,0,Partially Recovered,7,Calls,No
BRW_165,31,Female,Salaried,237821,0,LN_165,1425607,36,13.5,Personal,0.0,844803.6111404460,23466.77,On-Time,0,0,Partially Recovered,1,Calls,No
BRW_166,48,Male,Salaried,19114,2,LN_166,69477,60,13.05,Home,97555.11189107500,17239.977364942800,287.33,Delayed,0,0,Partially Recovered,3,Settlement Offer,No
BRW_167,45,Male,Self-Employed,211037,1,LN_167,1509058,36,9.32,Personal,0.0,237664.24667176900,6601.78,Delayed,1,111,Partially Recovered,6,Legal Notice,No
BRW_168,59,Male,Salaried,51321,3,LN_168,267400,48,17.07,Personal,0.0,103122.80064771100,2148.39,On-Time,0,0,Fully Recovered,2,Debt Collectors,No
BRW_169,53,Male,Salaried,88297,2,LN_169,1315636,24,15.98,Business,748134.6565361220,392437.3638711500,16351.56,On-Time,0,0,Fully Recovered,2,Calls,No
BRW_170,21,Male,Business Owner,111652,1,LN_170,439959,48,7.91,Home,656370.0787598630,248037.73968433600,5167.45,Delayed,2,151,Partially Recovered,4,Calls,No
BRW_171,47,Female,Salaried,114304,0,LN_171,1609757,72,8.11,Home,2336396.2583489,309283.21787967200,4295.6,Delayed,0,0,Fully Recovered,0,Calls,No
BRW_172,33,Male,Salaried,171498,1,LN_172,1606407,72,11.66,Personal,0.0,1247525.5701565000,17326.74,Delayed,1,68,Partially Recovered,10,Debt Collectors,No
BRW_173,61,Female,Salaried,32772,0,LN_173,1074374,60,15.06,Personal,0.0,983707.7580886470,16395.13,Delayed,2,82,Fully Recovered,3,Calls,No
BRW_174,23,Female,Business Owner,118754,1,LN_174,455105,60,5.57,Auto,289911.4012620800,350017.4583590010,5833.62,On-Time,3,62,Fully Recovered,2,Debt Collectors,No
BRW_175,59,Male,Salaried,18712,2,LN_175,1385055,48,14.01,Personal,0.0,802700.7770591890,16722.93,On-Time,1,22,Partially Recovered,0,Legal Notice,No
BRW_176,26,Female,Salaried,147439,0,LN_176,1447330,48,13.43,Home,1501727.3563036200,1265836.3226587400,26371.59,Missed,8,71,Partially Recovered,9,Legal Notice,No
BRW_177,28,Male,Salaried,130142,2,LN_177,323586,24,8.01,Personal,0.0,234737.872955981,9780.74,On-Time,1,115,Partially Recovered,10,Legal Notice,No
BRW_178,47,Male,Salaried,106736,2,LN_178,1931297,36,13.86,Home,1322784.5157374000,211469.3160212160,5874.15,On-Time,3,62,Fully Recovered,0,Settlement Offer,No
BRW_179,29,Male,Salaried,66924,0,LN_179,1938755,48,17.22,Personal,0.0,881515.3287280990,18364.9,On-Time,1,118,Partially Recovered,9,Debt Collectors,No
BRW_180,57,Female,Salaried,18726,0,LN_180,873759,72,5.61,Auto,810983.9358316250,756550.0926064080,10507.64,On-Time,3,145,Fully Recovered,3,Calls,No
BRW_181,53,Female,Salaried,104152,3,LN_181,983703,36,9.16,Auto,552275.5839282850,404570.4565501620,11238.07,On-Time,3,156,Fully Recovered,2,Calls,No
BRW_182,62,Female,Salaried,42723,3,LN_182,384971,48,10.7,Auto,278689.97248864100,50698.23851056490,1056.21,Missed,3,171,Written Off,3,Calls,No
BRW_183,64,Female,Salaried,141969,3,LN_183,1729328,48,16.69,Personal,0.0,1334283.2077804900,27797.57,On-Time,0,0,Partially Recovered,9,Calls,No
BRW_184,44,Female,Salaried,249182,2,LN_184,181184,48,17.51,Auto,156411.21834273800,148903.25176663800,3102.15,On-Time,0,0,Fully Recovered,2,Settlement Offer,No
BRW_185,35,Female,Salaried,115494,2,LN_185,1185627,60,10.77,Home,1112885.8197742300,289926.4987858020,4832.11,Missed,10,97,Partially Recovered,3,Calls,No
BRW_186,52,Female,Salaried,155180,3,LN_186,200653,24,14.75,Personal,0.0,117102.38444176700,4879.27,Missed,6,86,Fully Recovered,1,Settlement Offer,No
BRW_187,52,Female,Self-Employed,223786,2,LN_187,295300,48,11.91,Home,436304.6450490860,80545.99702189400,1678.04,On-Time,2,7,Fully Recovered,2,Debt Collectors,No
BRW_188,44,Male,Salaried,50643,2,LN_188,634010,60,11.99,Personal,0.0,473802.6326163620,7896.71,On-Time,3,126,Fully Recovered,1,Legal Notice,No
BRW_189,61,Male,Salaried,177396,0,LN_189,142036,48,8.62,Personal,0.0,48916.546406430400,1019.09,Delayed,3,83,Written Off,10,Calls,Yes
BRW_190,32,Female,Salaried,118896,0,LN_190,1851498,36,7.82,Auto,2421510.6272526000,712074.3002961850,19779.84,Delayed,3,46,Fully Recovered,0,Legal Notice,No
BRW_191,59,Male,Self-Employed,229432,2,LN_191,197595,60,8.74,Personal,0.0,170025.31424251400,2833.76,Delayed,0,0,Partially Recovered,10,Debt Collectors,No
BRW_192,22,Male,Self-Employed,154999,3,LN_192,903392,60,12.23,Home,1117866.2444118600,477614.42216441000,7960.24,Delayed,0,0,Fully Recovered,0,Debt Collectors,No
BRW_193,23,Female,Salaried,108680,1,LN_193,1871573,12,5.38,Personal,0.0,1315302.2127769000,109608.52,Delayed,0,0,Partially Recovered,4,Calls,No
BRW_194,57,Male,Salaried,111546,3,LN_194,331696,60,16.79,Auto,343982.4559346540,153288.57828919600,2554.81,On-Time,3,124,Fully Recovered,3,Debt Collectors,No
BRW_195,37,Male,Business Owner,168515,1,LN_195,1615188,60,7.03,Business,2164348.302955010,594722.1896913610,9912.04,Delayed,2,54,Partially Recovered,0,Legal Notice,No
BRW_196,22,Female,Salaried,94973,3,LN_196,1240456,48,7.86,Auto,1041143.0474261400,822335.8116299200,17132.0,On-Time,0,0,Fully Recovered,2,Calls,No
BRW_197,22,Female,Salaried,78449,0,LN_197,285419,72,11.74,Personal,0.0,68321.26454240280,948.91,Delayed,1,90,Partially Recovered,2,Settlement Offer,No
BRW_198,48,Male,Salaried,124834,2,LN_198,1040029,60,14.23,Personal,0.0,453140.481386292,7552.34,Delayed,1,66,Written Off,1,Calls,No
BRW_199,43,Female,Salaried,222815,2,LN_199,204692,60,6.24,Home,247451.97719179600,58978.58833093930,982.98,On-Time,1,87,Partially Recovered,4,Legal Notice,No
BRW_200,57,Female,Business Owner,206305,0,LN_200,313031,60,9.13,Personal,0.0,227327.95486678600,3788.8,On-Time,3,71,Fully Recovered,2,Calls,No
BRW_201,52,Male,Self-Employed,40537,1,LN_201,343946,24,17.59,Personal,0.0,326675.7678024110,13611.49,On-Time,1,152,Written Off,6,Calls,Yes
BRW_202,53,Male,Salaried,247365,1,LN_202,1707888,24,8.41,Home,2551215.7261406800,1700987.9125284100,70874.5,On-Time,3,179,Fully Recovered,1,Legal Notice,No
BRW_203,21,Female,Salaried,92576,1,LN_203,538765,48,9.07,Home,438893.5441224720,272210.5471998070,5671.05,Delayed,1,70,Partially Recovered,3,Calls,No
BRW_204,39,Male,Business Owner,122522,0,LN_204,1868673,36,15.87,Business,2193854.868964230,611574.3487137930,16988.18,On-Time,2,142,Partially Recovered,2,Calls,No
BRW_205,22,Male,Self-Employed,37612,1,LN_205,692927,36,5.65,Personal,0.0,345456.2844190690,9596.01,Delayed,3,2,Fully Recovered,2,Legal Notice,No
BRW_206,64,Male,Self-Employed,240049,0,LN_206,1704802,72,11.04,Personal,0.0,1470464.1261789400,20423.11,On-Time,1,132,Fully Recovered,2,Debt Collectors,No
BRW_207,46,Male,Business Owner,21471,3,LN_207,1316389,60,9.94,Personal,0.0,375704.1482650970,6261.74,Delayed,0,0,Fully Recovered,1,Legal Notice,No
BRW_208,52,Male,Business Owner,181703,3,LN_208,1874964,48,9.12,Business,2520541.9749506100,1794126.9642652000,37377.65,Delayed,3,48,Fully Recovered,2,Calls,No
BRW_209,26,Male,Self-Employed,238131,0,LN_209,1483466,72,8.71,Auto,2100302.412442890,604778.2201183260,8399.7,Delayed,0,0,Partially Recovered,7,Settlement Offer,No
BRW_210,52,Male,Salaried,46348,2,LN_210,1911057,60,6.19,Auto,2327538.7945499200,1886639.985616310,31444.0,On-Time,0,0,Fully Recovered,2,Settlement Offer,No
BRW_211,24,Male,Salaried,210804,3,LN_211,1438509,36,9.09,Business,1127227.0503068600,1229562.6889778300,34154.52,Missed,10,21,Fully Recovered,2,Legal Notice,No
BRW_212,31,Female,Self-Employed,16177,1,LN_212,1707390,24,5.56,Home,1410785.8827673000,1413229.7198681200,58884.57,On-Time,0,0,Fully Recovered,0,Settlement Offer,No
BRW_213,37,Male,Salaried,150832,0,LN_213,451062,48,15.15,Home,234894.15948590000,174161.44616537200,3628.36,On-Time,0,0,Fully Recovered,3,Calls,No
BRW_214,58,Female,Self-Employed,47779,1,LN_214,533779,60,10.18,Personal,0.0,57594.48227471850,959.91,On-Time,1,61,Fully Recovered,0,Calls,No
BRW_215,44,Male,Salaried,36636,1,LN_215,547952,36,10.77,Home,690904.993237059,243246.64249131600,6756.85,On-Time,1,104,Partially Recovered,2,Legal Notice,No
BRW_216,25,Female,Salaried,96889,2,LN_216,620508,60,16.62,Home,336774.2674782890,230598.41551559300,3843.31,Missed,6,125,Fully Recovered,1,Calls,No
BRW_217,54,Male,Salaried,68551,1,LN_217,882595,12,13.55,Home,1204435.3449106100,117965.2570748670,9830.44,On-Time,3,142,Partially Recovered,10,Debt Collectors,No
BRW_218,26,Female,Salaried,157628,2,LN_218,446981,60,5.1,Business,276529.54011844400,247997.90094644900,4133.3,Delayed,3,61,Fully Recovered,3,Calls,No
BRW_219,42,Female,Business Owner,173670,3,LN_219,429270,60,17.26,Business,288416.4303645880,198635.3258949060,3310.59,Delayed,1,176,Fully Recovered,2,Legal Notice,No
BRW_220,31,Male,Self-Employed,157635,0,LN_220,1966494,60,8.08,Auto,1920333.4457327700,1319715.7378274100,21995.26,On-Time,3,121,Partially Recovered,1,Debt Collectors,No
BRW_221,36,Female,Self-Employed,61819,1,LN_221,1173853,72,6.4,Auto,1453089.6389870700,773648.585079842,10745.12,Delayed,0,0,Fully Recovered,3,Debt Collectors,No
BRW_222,53,Male,Self-Employed,88770,0,LN_222,1055782,60,14.99,Home,674647.0262094930,220312.11226624200,3671.87,On-Time,1,165,Fully Recovered,0,Settlement Offer,No
BRW_223,29,Male,Salaried,237127,1,LN_223,1618146,72,11.51,Personal,0.0,1584600.2015423500,22008.34,On-Time,3,125,Fully Recovered,2,Calls,No
BRW_224,26,Male,Salaried,173038,0,LN_224,533455,72,10.64,Personal,0.0,143093.05512341800,1987.4,On-Time,0,0,Fully Recovered,0,Legal Notice,No
BRW_225,36,Male,Salaried,227781,1,LN_225,1989253,60,8.24,Home,1870039.2062892600,996111.7206267370,16601.86,Missed,6,114,Fully Recovered,3,Settlement Offer,No
BRW_226,49,Male,Salaried,205961,1,LN_226,172332,60,12.12,Auto,169376.72582164200,92939.64524552020,1548.99,Missed,4,4,Fully Recovered,2,Settlement Offer,No
BRW_227,23,Male,Salaried,173059,1,LN_227,1332807,12,8.57,Personal,0.0,1108570.9088099000,92380.91,On-Time,3,23,Fully Recovered,2,Calls,No
BRW_228,40,Female,Salaried,93714,1,LN_228,597219,48,16.72,Business,425390.51863167400,113057.52013504400,2355.37,On-Time,2,75,Fully Recovered,3,Calls,No
BRW_229,56,Male,Salaried,204420,1,LN_229,139116,48,7.8,Personal,0.0,67579.7497917367,1407.91,Delayed,3,56,Fully Recovered,2,Legal Notice,No
BRW_230,39,Male,Business Owner,39596,1,LN_230,301671,36,16.5,Personal,0.0,200807.89037759300,5578.0,On-Time,3,103,Fully Recovered,0,Settlement Offer,No
BRW_231,46,Male,Self-Employed,179246,1,LN_231,1940641,36,12.27,Home,1194577.823679880,569849.938633716,15829.16,Delayed,1,177,Fully Recovered,1,Legal Notice,No
BRW_232,23,Male,Salaried,79106,1,LN_232,1572494,72,15.77,Personal,0.0,1045269.9554020300,14517.64,On-Time,1,62,Fully Recovered,3,Settlement Offer,No
BRW_233,39,Male,Self-Employed,216039,1,LN_233,1674777,72,14.27,Personal,0.0,1559717.063073210,21662.74,On-Time,2,78,Written Off,0,Settlement Offer,Yes
BRW_234,40,Female,Self-Employed,74182,0,LN_234,824504,60,14.06,Personal,0.0,822662.3203019560,13711.04,Delayed,1,169,Fully Recovered,2,Settlement Offer,No
BRW_235,52,Male,Salaried,239372,2,LN_235,1717640,36,9.22,Auto,2295490.0341570500,221929.3407848630,6164.7,On-Time,0,0,Partially Recovered,9,Calls,No
BRW_236,27,Male,Self-Employed,102163,1,LN_236,1124567,12,8.04,Home,1127339.788356760,350897.972365189,29241.5,Missed,9,148,Fully Recovered,1,Settlement Offer,No
BRW_237,61,Male,Self-Employed,54310,2,LN_237,564265,12,7.74,Home,290247.32812259800,214012.40022298200,17834.37,Missed,11,94,Written Off,10,Settlement Offer,Yes
BRW_238,53,Male,Salaried,71088,1,LN_238,1808781,36,16.14,Home,2356807.821163180,830616.6363800520,23072.68,On-Time,0,0,Fully Recovered,0,Settlement Offer,No
BRW_239,60,Female,Salaried,143803,1,LN_239,678380,12,15.67,Personal,0.0,215746.16950611900,17978.85,On-Time,2,121,Written Off,10,Debt Collectors,Yes
BRW_240,59,Male,Salaried,154978,0,LN_240,279577,12,10.73,Business,413995.8897363930,79159.20674841150,6596.6,Missed,0,0,Partially Recovered,7,Calls,No
BRW_241,38,Male,Salaried,51914,3,LN_241,760672,72,6.72,Personal,0.0,729559.3423774640,10132.77,Missed,0,0,Fully Recovered,2,Debt Collectors,No
BRW_242,60,Female,Salaried,125350,3,LN_242,453777,60,9.97,Business,501843.87117649100,420501.27960635800,7008.35,On-Time,3,141,Partially Recovered,10,Calls,No
BRW_243,21,Male,Self-Employed,60379,0,LN_243,1859977,36,13.05,Home,1866874.5146834700,264662.17393444800,7351.73,Delayed,1,135,Fully Recovered,3,Legal Notice,No
BRW_244,31,Female,Salaried,224684,2,LN_244,145556,24,10.91,Business,200636.69936137200,58940.24135544380,2455.84,On-Time,0,0,Fully Recovered,0,Debt Collectors,No
BRW_245,48,Male,Salaried,183722,3,LN_245,1947883,48,15.14,Personal,0.0,905052.0821662800,18855.25,On-Time,0,0,Partially Recovered,2,Legal Notice,No
BRW_246,45,Female,Business Owner,192953,0,LN_246,1255565,12,17.97,Home,1823729.2430403400,395644.9557960610,32970.41,Delayed,1,88,Written Off,0,Settlement Offer,No
BRW_247,43,Male,Self-Employed,61413,0,LN_247,1422840,72,7.48,Personal,0.0,947590.9614755900,13160.99,On-Time,0,0,Fully Recovered,0,Legal Notice,No
BRW_248,51,Female,Salaried,152084,3,LN_248,445204,36,10.98,Personal,0.0,301110.4629361020,8364.18,Missed,9,108,Fully Recovered,2,Legal Notice,No
BRW_249,50,Male,Salaried,196187,2,LN_249,1605537,36,10.6,Home,2014205.4363472900,1389518.1065142100,38597.73,On-Time,0,0,Partially Recovered,7,Legal Notice,No
BRW_250,62,Male,Salaried,22151,0,LN_250,1995049,36,8.96,Personal,0.0,1529768.3437203900,42493.57,Delayed,1,140,Partially Recovered,1,Legal Notice,No
BRW_251,55,Male,Self-Employed,72716,1,LN_251,702755,12,7.58,Home,664421.7736354190,413442.00655276400,34453.5,On-Time,3,84,Partially Recovered,1,Calls,No
BRW_252,27,Female,Salaried,108747,2,LN_252,1619192,48,5.85,Personal,0.0,1114373.422425590,23216.11,On-Time,0,0,Partially Recovered,3,Debt Collectors,No
BRW_253,36,Female,Salaried,238725,2,LN_253,1506048,60,16.53,Personal,0.0,521981.0308187690,8699.68,Delayed,1,90,Fully Recovered,1,Calls,No
BRW_254,46,Female,Business Owner,182450,3,LN_254,1479210,60,10.46,Auto,1615624.81610506,937450.1820854540,15624.17,On-Time,0,0,Written Off,6,Calls,No
BRW_255,22,Male,Salaried,188724,3,LN_255,793088,24,11.46,Home,952447.426771395,428509.03851359400,17854.54,On-Time,0,0,Fully Recovered,3,Calls,No
BRW_256,21,Female,Self-Employed,218502,1,LN_256,700443,48,16.92,Home,486299.0628932150,154104.47884843200,3210.51,On-Time,3,179,Fully Recovered,2,Legal Notice,No
BRW_257,32,Male,Business Owner,159539,0,LN_257,1388950,48,15.09,Home,1315614.8736970200,442088.6856639260,9210.18,On-Time,2,116,Fully Recovered,3,Calls,No
BRW_258,25,Male,Salaried,177082,3,LN_258,548682,72,6.7,Auto,729648.9911676090,198910.45133593900,2762.65,Delayed,2,69,Fully Recovered,1,Debt Collectors,No
BRW_259,57,Male,Self-Employed,136999,3,LN_259,109778,36,12.35,Personal,0.0,102299.77008670600,2841.66,On-Time,1,78,Fully Recovered,3,Calls,No
BRW_260,52,Female,Salaried,129793,2,LN_260,1144409,36,10.75,Home,1321478.0813497500,351731.78923367000,9770.33,On-Time,2,64,Partially Recovered,10,Settlement Offer,No
BRW_261,29,Male,Business Owner,200763,3,LN_261,859057,48,15.36,Business,782776.2323668140,309534.9994821000,6448.65,On-Time,1,59,Fully Recovered,0,Legal Notice,No
BRW_262,61,Male,Salaried,210229,3,LN_262,606376,48,14.42,Auto,705435.1199256860,262208.3319883990,5462.67,On-Time,2,30,Fully Recovered,3,Settlement Offer,No
BRW_263,55,Female,Self-Employed,123177,3,LN_263,1833586,48,13.98,Home,1133563.9596622900,1278685.053830650,26639.27,On-Time,3,49,Partially Recovered,9,Debt Collectors,No
BRW_264,39,Male,Salaried,27289,3,LN_264,1464657,36,9.43,Home,1320384.78579712,302326.52028276100,8397.96,On-Time,1,80,Fully Recovered,3,Debt Collectors,No
BRW_265,36,Male,Self-Employed,191048,2,LN_265,1563083,48,15.46,Auto,2021267.234504910,1498294.290122370,31214.46,On-Time,2,30,Fully Recovered,2,Debt Collectors,No
BRW_266,23,Male,Self-Employed,189668,1,LN_266,1294951,72,5.68,Home,933023.5744113900,1138280.185329640,15809.45,Delayed,3,137,Fully Recovered,0,Debt Collectors,No
BRW_267,40,Male,Salaried,169243,1,LN_267,126361,48,7.08,Personal,0.0,78279.94018133560,1630.83,Delayed,2,176,Written Off,5,Calls,Yes
BRW_268,44,Male,Self-Employed,246513,0,LN_268,1448949,72,9.36,Personal,0.0,1023876.7445707700,14220.51,On-Time,0,0,Fully Recovered,1,Legal Notice,No
BRW_269,53,Male,Salaried,101365,3,LN_269,1233765,48,6.0,Auto,846315.2993715780,141876.09567415800,2955.75,On-Time,0,0,Fully Recovered,3,Debt Collectors,No
BRW_270,44,Female,Salaried,245662,2,LN_270,1713129,72,8.05,Personal,0.0,693903.4116431210,9637.55,On-Time,3,47,Fully Recovered,3,Settlement Offer,No
BRW_271,31,Male,Salaried,129014,0,LN_271,572154,60,15.79,Auto,830091.699545826,466931.56525248000,7782.19,On-Time,0,0,Fully Recovered,1,Debt Collectors,No
BRW_272,28,Male,Salaried,190211,0,LN_272,672006,36,17.33,Personal,0.0,114062.72095769300,3168.41,On-Time,0,0,Fully Recovered,2,Legal Notice,No
BRW_273,56,Female,Salaried,194785,1,LN_273,1421430,72,8.96,Home,1009069.7876227600,503303.4180259300,6990.33,On-Time,1,49,Fully Recovered,0,Settlement Offer,No
BRW_274,58,Male,Business Owner,175806,2,LN_274,1061930,24,8.44,Personal,0.0,665582.8348217500,27732.62,On-Time,2,55,Fully Recovered,2,Settlement Offer,No
BRW_275,60,Male,Salaried,87588,2,LN_275,1717740,72,8.64,Personal,0.0,568179.8227796220,7891.39,On-Time,1,123,Written Off,8,Settlement Offer,Yes
BRW_276,40,Male,Self-Employed,78646,2,LN_276,1034558,48,8.61,Business,787214.4039257190,973084.746477505,20272.6,On-Time,2,70,Fully Recovered,2,Calls,No
BRW_277,55,Male,Salaried,18654,1,LN_277,1129525,12,5.47,Auto,1659967.9433909200,246183.0999632950,20515.26,On-Time,0,0,Fully Recovered,0,Debt Collectors,No
BRW_278,45,Male,Self-Employed,235094,1,LN_278,1835818,48,17.05,Home,2266700.2180468000,1501065.6238109900,31272.2,On-Time,1,150,Fully Recovered,3,Calls,No
BRW_279,55,Female,Business Owner,33743,1,LN_279,904568,72,7.78,Home,1085116.6366840300,503983.5191063560,6999.77,On-Time,2,134,Fully Recovered,2,Settlement Offer,No
BRW_280,45,Female,Salaried,63368,1,LN_280,1210117,12,10.46,Home,1637199.2168509500,938200.9246986260,78183.41,On-Time,2,152,Partially Recovered,3,Calls,No
BRW_281,49,Male,Self-Employed,236097,1,LN_281,1818555,48,5.13,Home,1119908.1453171300,690403.1224896820,14383.4,On-Time,1,72,Fully Recovered,0,Calls,No
BRW_282,38,Male,Salaried,220244,3,LN_282,111842,60,16.15,Home,134876.55741158100,62971.59149160470,1049.53,On-Time,3,25,Fully Recovered,3,Calls,No
BRW_283,38,Male,Self-Employed,152513,3,LN_283,538019,60,14.51,Personal,0.0,468696.22822044200,7811.6,On-Time,2,49,Partially Recovered,1,Debt Collectors,No
BRW_284,22,Female,Salaried,134735,2,LN_284,1331506,36,17.31,Home,1336417.405452210,692636.4912259080,19239.9,On-Time,0,0,Fully Recovered,1,Settlement Offer,No
BRW_285,55,Male,Business Owner,170683,0,LN_285,339134,24,15.16,Auto,450760.17324212100,143707.31208417000,5987.8,On-Time,2,75,Fully Recovered,0,Settlement Offer,No
BRW_286,36,Male,Salaried,134891,2,LN_286,721553,12,9.08,Business,727427.6815280270,420333.37467513800,35027.78,On-Time,0,0,Fully Recovered,0,Debt Collectors,No
BRW_287,61,Male,Salaried,122971,0,LN_287,1390829,48,8.22,Personal,0.0,1037038.9283985400,21604.98,On-Time,1,58,Fully Recovered,2,Calls,No
BRW_288,56,Male,Self-Employed,27149,1,LN_288,180356,48,14.07,Auto,202042.2496905240,90034.97966665520,1875.73,Delayed,2,92,Fully Recovered,1,Calls,No
BRW_289,53,Female,Salaried,115102,0,LN_289,818917,72,9.73,Home,800689.6489247290,773867.7842673260,10748.16,On-Time,0,0,Fully Recovered,1,Legal Notice,No
BRW_290,24,Male,Salaried,74189,2,LN_290,787090,12,12.36,Home,769899.1071415690,287643.0177809380,23970.25,On-Time,0,0,Fully Recovered,1,Legal Notice,No
BRW_291,53,Female,Salaried,167747,2,LN_291,964565,60,5.08,Personal,0.0,509210.4979560660,8486.84,Delayed,1,45,Partially Recovered,1,Legal Notice,No
BRW_292,34,Male,Salaried,86031,0,LN_292,1788446,12,5.8,Home,2267695.8353847700,1397196.4201747100,116433.04,On-Time,2,77,Fully Recovered,1,Debt Collectors,No
BRW_293,41,Female,Salaried,57668,3,LN_293,837738,24,11.96,Personal,0.0,603346.431698762,25139.43,On-Time,2,3,Fully Recovered,1,Settlement Offer,No
BRW_294,40,Male,Salaried,159745,1,LN_294,1102425,48,12.36,Personal,0.0,967132.038489885,20148.58,Delayed,1,136,Fully Recovered,1,Legal Notice,No
BRW_295,28,Male,Salaried,222738,1,LN_295,62360,48,14.77,Auto,70377.40074436460,62180.918456546600,1295.44,Delayed,2,32,Fully Recovered,2,Settlement Offer,No
BRW_296,27,Female,Salaried,103204,2,LN_296,423216,60,6.72,Auto,479615.11913232800,204909.54703140800,3415.16,On-Time,1,70,Fully Recovered,1,Settlement Offer,No
BRW_297,23,Female,Self-Employed,226830,3,LN_297,827567,72,11.67,Home,786422.4242970040,165543.02011667200,2299.21,On-Time,2,11,Written Off,9,Settlement Offer,Yes
BRW_298,37,Female,Salaried,211501,0,LN_298,669055,48,7.53,Business,689868.9640721050,85220.40742057750,1775.43,On-Time,3,13,Partially Recovered,0,Debt Collectors,No
BRW_299,53,Male,Salaried,169741,1,LN_299,311445,72,6.21,Personal,0.0,234888.46022943100,3262.34,On-Time,2,141,Written Off,4,Debt Collectors,Yes
BRW_300,32,Female,Salaried,180140,3,LN_300,1799736,72,10.34,Personal,0.0,1595668.0818718200,22162.06,On-Time,0,0,Partially Recovered,2,Debt Collectors,No
BRW_301,42,Male,Salaried,234861,1,LN_301,1620234,48,7.12,Home,2018354.1171856500,483868.83237756200,10080.6,On-Time,0,0,Fully Recovered,1,Debt Collectors,No
BRW_302,42,Female,Self-Employed,155507,3,LN_302,480179,60,7.88,Personal,0.0,116492.97804483100,1941.55,On-Time,3,74,Fully Recovered,2,Legal Notice,No
BRW_303,50,Male,Salaried,240160,3,LN_303,104330,48,9.13,Personal,0.0,16273.871478987800,339.04,Missed,4,178,Fully Recovered,1,Calls,No
BRW_304,58,Female,Salaried,198321,2,LN_304,101707,12,8.37,Personal,0.0,85477.88145318270,7123.16,Missed,0,0,Fully Recovered,0,Calls,No
BRW_305,58,Female,Self-Employed,52384,1,LN_305,330833,60,6.14,Personal,0.0,125797.17918843500,2096.62,On-Time,0,0,Written Off,10,Calls,No
BRW_306,28,Female,Self-Employed,96929,0,LN_306,1651948,12,6.17,Auto,2190385.449445100,762418.9407406550,63534.91,Delayed,2,32,Fully Recovered,0,Legal Notice,No
BRW_307,47,Male,Salaried,142959,2,LN_307,1138963,48,7.51,Personal,0.0,629248.779837633,13109.35,On-Time,1,163,Partially Recovered,2,Calls,No
BRW_308,47,Male,Self-Employed,91153,2,LN_308,1959824,60,5.66,Home,2345049.7533955500,1676644.9357533500,27944.08,Delayed,2,125,Fully Recovered,0,Legal Notice,No
BRW_309,54,Female,Business Owner,90388,0,LN_309,1625506,12,13.14,Personal,0.0,1114690.5759827700,92890.88,On-Time,1,26,Partially Recovered,5,Legal Notice,No
BRW_310,41,Male,Salaried,46401,2,LN_310,1927145,24,8.74,Home,2744395.140089010,1259501.3534966000,52479.22,On-Time,3,3,Written Off,3,Legal Notice,Yes
BRW_311,50,Female,Self-Employed,217903,3,LN_311,1571624,72,8.64,Personal,0.0,405643.8395789970,5633.94,On-Time,3,146,Partially Recovered,9,Calls,No
BRW_312,53,Female,Self-Employed,134503,3,LN_312,236633,48,9.32,Auto,312432.2499505370,132957.1972804750,2769.94,On-Time,0,0,Partially Recovered,5,Settlement Offer,No
BRW_313,48,Male,Salaried,247601,1,LN_313,1947268,24,13.62,Home,2067733.3782548000,1448461.506303500,60352.56,On-Time,0,0,Fully Recovered,0,Calls,No
BRW_314,53,Female,Salaried,142834,1,LN_314,1769374,60,16.32,Personal,0.0,1726793.651486070,28779.89,Delayed,0,0,Partially Recovered,2,Calls,No
BRW_315,25,Male,Salaried,49084,0,LN_315,884874,48,14.87,Home,1036546.7771245500,248884.68581297000,5185.1,Delayed,1,72,Written Off,4,Debt Collectors,Yes
BRW_316,39,Female,Self-Employed,125641,1,LN_316,939493,48,14.46,Personal,0.0,102018.62206286900,2125.39,On-Time,0,0,Partially Recovered,0,Legal Notice,No
BRW_317,24,Female,Business Owner,120111,3,LN_317,446210,72,11.3,Home,636433.0162450070,74861.22741737590,1039.74,On-Time,2,120,Partially Recovered,2,Settlement Offer,No
BRW_318,55,Male,Self-Employed,201898,0,LN_318,828799,60,14.02,Personal,0.0,363235.43256132300,6053.92,On-Time,1,122,Partially Recovered,6,Debt Collectors,No
BRW_319,37,Male,Salaried,182523,0,LN_319,1486564,36,12.19,Business,1663714.9245221400,1246469.3203586800,34624.15,Delayed,3,112,Partially Recovered,8,Settlement Offer,No
BRW_320,64,Female,Self-Employed,153299,1,LN_320,1460295,60,7.81,Personal,0.0,155416.09166618300,2590.27,Missed,2,87,Fully Recovered,0,Settlement Offer,No
BRW_321,48,Male,Salaried,177982,3,LN_321,838245,72,7.71,Home,1110512.8001093500,428391.4222502320,5949.88,Missed,0,0,Partially Recovered,1,Legal Notice,No
BRW_322,50,Male,Salaried,51041,0,LN_322,929459,24,8.85,Personal,0.0,368351.62265413800,15347.98,Delayed,2,47,Fully Recovered,3,Calls,No
BRW_323,49,Male,Salaried,103920,3,LN_323,134381,24,16.84,Personal,0.0,19785.390216420300,824.39,On-Time,2,13,Fully Recovered,3,Legal Notice,No
BRW_324,26,Male,Self-Employed,80681,3,LN_324,1872744,24,12.12,Home,2226337.737735130,946133.9740035820,39422.25,On-Time,0,0,Fully Recovered,2,Legal Notice,No
BRW_325,55,Male,Salaried,249386,3,LN_325,891708,60,14.54,Business,938020.0686485060,293616.1142896300,4893.6,On-Time,2,64,Fully Recovered,0,Debt Collectors,No
BRW_326,61,Male,Self-Employed,96571,1,LN_326,1926251,48,9.51,Personal,0.0,802661.7626411800,16722.12,Missed,3,122,Fully Recovered,3,Legal Notice,No
BRW_327,57,Male,Salaried,211553,2,LN_327,243984,48,10.3,Personal,0.0,179341.36007024200,3736.28,On-Time,1,29,Fully Recovered,1,Calls,No
BRW_328,44,Female,Salaried,214648,2,LN_328,1158848,72,6.63,Personal,0.0,659843.2831429310,9164.49,On-Time,0,0,Fully Recovered,0,Settlement Offer,No
BRW_329,49,Male,Salaried,142556,0,LN_329,1594492,60,7.23,Personal,0.0,338323.59551464800,5638.73,Delayed,2,16,Fully Recovered,2,Legal Notice,No
BRW_330,51,Male,Salaried,210246,3,LN_330,1795987,24,15.76,Personal,0.0,1733617.9145906500,72234.08,On-Time,3,102,Fully Recovered,3,Settlement Offer,No
BRW_331,55,Male,Business Owner,41160,1,LN_331,1046358,36,12.6,Home,776228.330478418,703487.0852878590,19541.31,On-Time,1,125,Partially Recovered,10,Legal Notice,No
BRW_332,53,Male,Salaried,32633,3,LN_332,788096,36,9.39,Personal,0.0,622029.6585118450,17278.6,Delayed,1,18,Written Off,0,Settlement Offer,Yes
BRW_333,41,Male,Self-Employed,240952,3,LN_333,303091,36,15.44,Personal,0.0,51917.01356426840,1442.14,On-Time,1,147,Partially Recovered,0,Legal Notice,No
BRW_334,52,Female,Salaried,32014,1,LN_334,902050,60,8.2,Auto,835296.0624364960,128409.11007271900,2140.15,On-Time,1,161,Written Off,7,Debt Collectors,Yes
BRW_335,43,Female,Self-Employed,95532,2,LN_335,314064,72,17.69,Personal,0.0,36903.539241720900,512.55,Delayed,3,175,Partially Recovered,6,Settlement Offer,No
BRW_336,53,Male,Salaried,64104,3,LN_336,1204697,36,9.48,Personal,0.0,325165.3389889270,9032.37,Delayed,0,0,Fully Recovered,3,Legal Notice,No
BRW_337,23,Female,Self-Employed,187693,3,LN_337,520435,48,9.39,Personal,0.0,246148.87101996300,5128.1,Missed,2,13,Partially Recovered,10,Legal Notice,No
BRW_338,38,Female,Self-Employed,92231,2,LN_338,651160,60,9.05,Home,955735.4178187220,613551.2905239240,10225.85,On-Time,2,38,Partially Recovered,1,Debt Collectors,No
BRW_339,45,Male,Salaried,83388,1,LN_339,1966140,36,6.59,Personal,0.0,1005392.950621930,27927.58,On-Time,3,38,Fully Recovered,3,Debt Collectors,No
BRW_340,62,Female,Salaried,31014,0,LN_340,314237,24,6.44,Home,363812.720743432,113511.70419225300,4729.65,Delayed,1,144,Fully Recovered,3,Debt Collectors,No
BRW_341,51,Female,Self-Employed,107578,2,LN_341,325049,48,13.43,Personal,0.0,196895.74299918200,4101.99,On-Time,2,77,Partially Recovered,1,Settlement Offer,No
BRW_342,23,Male,Business Owner,179827,0,LN_342,696047,12,16.38,Home,740869.2112988130,139725.2545762870,11643.77,On-Time,1,21,Fully Recovered,0,Settlement Offer,No
BRW_343,60,Male,Salaried,55390,0,LN_343,467567,72,15.28,Personal,0.0,303243.0568455740,4211.71,Delayed,0,0,Partially Recovered,5,Debt Collectors,No
BRW_344,44,Female,Self-Employed,38711,2,LN_344,1391701,12,6.83,Home,1994247.1687042600,851148.6873463440,70929.06,On-Time,3,63,Fully Recovered,1,Calls,No
BRW_345,52,Female,Business Owner,106658,3,LN_345,1958911,36,12.09,Auto,2128379.87950385,1592190.578555630,44227.52,On-Time,0,0,Fully Recovered,0,Calls,No
BRW_346,42,Male,Self-Employed,72993,0,LN_346,1955829,48,6.37,Home,2006841.9459137900,1932395.9202671800,40258.25,On-Time,3,30,Fully Recovered,1,Legal Notice,No
BRW_347,43,Female,Business Owner,220768,0,LN_347,1469920,72,5.59,Personal,0.0,478879.54019045100,6651.1,On-Time,1,142,Fully Recovered,2,Calls,No
BRW_348,22,Female,Self-Employed,173285,1,LN_348,132289,24,13.53,Personal,0.0,73908.64799834080,3079.53,On-Time,1,106,Fully Recovered,2,Legal Notice,No
BRW_349,47,Female,Salaried,203856,3,LN_349,690794,24,11.96,Personal,0.0,634134.2925434570,26422.26,On-Time,3,155,Partially Recovered,6,Settlement Offer,No
BRW_350,62,Female,Salaried,22421,0,LN_350,1701377,12,6.07,Personal,0.0,1372451.3089907100,114370.94,Delayed,2,152,Partially Recovered,9,Settlement Offer,No
BRW_351,22,Female,Salaried,233008,1,LN_351,1511666,24,5.45,Personal,0.0,814282.5829248670,33928.44,Missed,4,158,Partially Recovered,8,Calls,No
BRW_352,46,Male,Self-Employed,245145,3,LN_352,1804867,24,17.87,Auto,2272888.6052023900,1716129.7838127500,71505.41,On-Time,1,57,Fully Recovered,2,Settlement Offer,No
BRW_353,37,Male,Self-Employed,32727,2,LN_353,1499466,48,5.39,Personal,0.0,227188.62829278900,4733.1,On-Time,1,133,Partially Recovered,7,Debt Collectors,No
BRW_354,60,Female,Salaried,127418,2,LN_354,1411236,24,10.78,Home,1711357.3774761000,1323596.4912798400,55149.85,On-Time,0,0,Fully Recovered,3,Debt Collectors,No
BRW_355,53,Female,Self-Employed,19358,1,LN_355,309480,12,11.56,Home,214519.15940224200,45015.92501516790,3751.33,On-Time,1,97,Fully Recovered,0,Calls,No
BRW_356,29,Male,Self-Employed,80108,2,LN_356,1884907,60,6.52,Home,1830825.765902680,1116947.3889834800,18615.79,Delayed,3,115,Fully Recovered,0,Calls,No
BRW_357,63,Male,Salaried,109018,0,LN_357,1814622,36,7.2,Personal,0.0,1635694.5605492600,45435.96,Delayed,2,113,Fully Recovered,1,Legal Notice,No
BRW_358,59,Female,Salaried,139457,3,LN_358,1586643,36,9.57,Auto,1543034.819741600,533824.2114494430,14828.45,Delayed,2,76,Fully Recovered,3,Settlement Offer,No
BRW_359,49,Male,Salaried,178189,0,LN_359,1429932,36,14.9,Personal,0.0,750748.1165342840,20854.11,On-Time,0,0,Fully Recovered,3,Legal Notice,No
BRW_360,62,Female,Salaried,234772,0,LN_360,183498,72,11.59,Auto,161152.44209812300,71912.1305974876,998.78,On-Time,2,150,Partially Recovered,3,Legal Notice,No
BRW_361,46,Female,Salaried,46910,2,LN_361,1352600,24,13.29,Auto,1375991.1639591400,1294342.8760137300,53930.95,On-Time,2,109,Partially Recovered,6,Debt Collectors,No
BRW_362,55,Female,Salaried,141888,0,LN_362,1753834,72,17.81,Auto,1601438.7997853900,1475467.2832253700,20492.6,On-Time,3,78,Fully Recovered,2,Debt Collectors,No
BRW_363,45,Male,Salaried,244104,2,LN_363,1188585,60,14.98,Home,831231.5586031060,877296.2052058780,14621.6,Delayed,2,145,Fully Recovered,3,Debt Collectors,No
BRW_364,44,Male,Salaried,70754,3,LN_364,773858,12,10.65,Personal,0.0,486651.66014719500,40554.31,Missed,0,0,Fully Recovered,3,Debt Collectors,No
BRW_365,33,Male,Salaried,208510,3,LN_365,473159,72,10.8,Personal,0.0,396759.25140034200,5510.55,On-Time,0,0,Fully Recovered,3,Legal Notice,No
BRW_366,27,Male,Salaried,124847,0,LN_366,771755,36,13.04,Home,704123.3983866710,349636.14556790500,9712.12,Delayed,2,158,Partially Recovered,1,Debt Collectors,No
BRW_367,56,Male,Self-Employed,175443,1,LN_367,94816,12,13.65,Personal,0.0,47673.16902436270,3972.76,On-Time,1,15,Fully Recovered,2,Settlement Offer,No
BRW_368,40,Male,Salaried,197573,2,LN_368,54138,60,11.51,Auto,30981.929387716600,40982.549858288100,683.04,On-Time,2,156,Partially Recovered,6,Debt Collectors,No
BRW_369,21,Male,Business Owner,207018,2,LN_369,1189752,60,13.38,Personal,0.0,502050.7006244010,8367.51,On-Time,0,0,Partially Recovered,5,Debt Collectors,No
BRW_370,28,Male,Business Owner,53467,0,LN_370,1436665,48,5.31,Personal,0.0,226290.3222171340,4714.38,On-Time,0,0,Fully Recovered,2,Debt Collectors,No
BRW_371,36,Male,Salaried,163697,2,LN_371,840449,24,10.59,Personal,0.0,140271.90293332100,5844.66,On-Time,3,25,Written Off,5,Calls,Yes
BRW_372,34,Male,Salaried,48893,2,LN_372,846883,48,8.63,Personal,0.0,172617.21573236100,3596.19,Delayed,2,53,Fully Recovered,1,Settlement Offer,No
BRW_373,32,Male,Salaried,91329,1,LN_373,1816892,60,6.68,Home,1954586.7277879300,1603794.5350392600,26729.91,Delayed,2,160,Fully Recovered,3,Settlement Offer,No
BRW_374,43,Female,Salaried,46007,1,LN_374,406007,36,6.29,Auto,549593.222451934,213155.21099779900,5920.98,On-Time,3,54,Fully Recovered,0,Legal Notice,No
BRW_375,35,Female,Self-Employed,237374,0,LN_375,846710,36,12.84,Home,1037462.8271938500,627915.1678530940,17442.09,On-Time,0,0,Fully Recovered,0,Legal Notice,No
BRW_376,48,Male,Salaried,185604,1,LN_376,271552,12,11.81,Auto,233641.722364774,123180.98431196200,10265.08,Delayed,3,67,Fully Recovered,0,Debt Collectors,No
BRW_377,54,Female,Salaried,69253,0,LN_377,93764,24,8.3,Auto,55046.14451975070,31208.3959461316,1300.35,Delayed,1,169,Fully Recovered,0,Calls,No
BRW_378,22,Male,Salaried,27323,3,LN_378,173030,72,11.12,Auto,121492.9105479490,71370.19467796060,991.25,Delayed,2,20,Partially Recovered,6,Legal Notice,No
BRW_379,52,Female,Salaried,126335,0,LN_379,968638,36,11.4,Personal,0.0,789211.4787430110,21922.54,On-Time,0,0,Written Off,1,Legal Notice,No
BRW_380,43,Male,Self-Employed,127356,3,LN_380,1947951,72,7.54,Auto,2036563.9542572600,1290896.4383740000,17929.12,Missed,11,40,Partially Recovered,5,Debt Collectors,No
BRW_381,42,Female,Salaried,125944,0,LN_381,1718531,36,13.48,Personal,0.0,1622079.82582175,45057.77,On-Time,3,61,Fully Recovered,1,Debt Collectors,No
BRW_382,45,Female,Salaried,219451,2,LN_382,366462,60,15.15,Personal,0.0,260823.57531014100,4347.06,Delayed,0,0,Partially Recovered,8,Legal Notice,No
BRW_383,42,Female,Salaried,160282,1,LN_383,939855,36,15.29,Home,664531.1351029600,576284.751761527,16007.91,On-Time,1,44,Partially Recovered,0,Legal Notice,No
BRW_384,42,Female,Business Owner,31456,3,LN_384,1464718,36,12.83,Personal,0.0,950860.3701007420,26412.79,Delayed,2,141,Partially Recovered,9,Settlement Offer,No
BRW_385,62,Male,Salaried,46367,0,LN_385,110128,24,11.65,Personal,0.0,104416.13369720000,4350.67,On-Time,3,19,Partially Recovered,8,Calls,No
BRW_386,26,Male,Salaried,69624,1,LN_386,269128,36,5.79,Personal,0.0,217827.0458678500,6050.75,On-Time,0,0,Partially Recovered,8,Settlement Offer,No
BRW_387,35,Female,Self-Employed,156178,0,LN_387,858301,48,8.74,Personal,0.0,104401.25626556600,2175.03,On-Time,2,40,Fully Recovered,2,Legal Notice,No
BRW_388,63,Male,Salaried,249565,1,LN_388,1332116,72,6.21,Business,1390693.2851124900,773594.0319117500,10744.36,On-Time,2,0,Partially Recovered,10,Settlement Offer,No
BRW_389,57,Female,Business Owner,83008,1,LN_389,55039,60,17.53,Personal,0.0,39600.81204980020,660.01,Delayed,0,0,Fully Recovered,0,Settlement Offer,No
BRW_390,53,Male,Self-Employed,140926,0,LN_390,202353,24,6.76,Personal,0.0,156586.5448868390,6524.44,Delayed,2,104,Written Off,6,Legal Notice,No
BRW_391,28,Male,Self-Employed,130395,3,LN_391,162935,12,6.97,Home,119203.08709990600,47548.98008937470,3962.42,Missed,8,115,Fully Recovered,2,Debt Collectors,No
BRW_392,64,Male,Self-Employed,131492,3,LN_392,1633306,24,16.56,Personal,0.0,1438059.9784805700,59919.17,On-Time,2,176,Fully Recovered,3,Legal Notice,No
BRW_393,64,Male,Business Owner,87240,2,LN_393,1958796,48,17.27,Business,2642266.6798342500,1880951.1599827100,39186.48,Delayed,3,152,Fully Recovered,0,Debt Collectors,No
BRW_394,25,Female,Business Owner,79315,1,LN_394,1388306,60,14.96,Personal,0.0,434600.551456641,7243.34,Delayed,2,120,Partially Recovered,4,Legal Notice,No
BRW_395,59,Male,Self-Employed,215321,2,LN_395,103053,72,5.07,Home,92466.5170906279,92165.85366917230,1280.08,On-Time,3,74,Fully Recovered,2,Legal Notice,No
BRW_396,24,Male,Self-Employed,216659,2,LN_396,1280137,12,5.02,Home,954406.9416447030,239745.19189996000,19978.77,On-Time,2,8,Fully Recovered,2,Legal Notice,No
BRW_397,26,Male,Salaried,25756,0,LN_397,1837040,48,9.92,Business,2410795.686161060,275806.117595435,5745.96,Delayed,1,59,Written Off,1,Calls,No
BRW_398,52,Male,Salaried,214083,0,LN_398,136346,48,6.86,Home,114917.72149536400,29491.83342392850,614.41,Missed,3,73,Written Off,9,Debt Collectors,No
BRW_399,50,Female,Salaried,51378,0,LN_399,379231,60,5.24,Auto,231895.0873467890,57630.586576627200,960.51,Delayed,3,180,Fully Recovered,1,Calls,No
BRW_400,55,Male,Salaried,150327,1,LN_400,455841,48,11.03,Personal,0.0,392256.2008775930,8172.0,On-Time,3,72,Fully Recovered,1,Legal Notice,No
BRW_401,60,Male,Salaried,160556,0,LN_401,608685,60,17.26,Personal,0.0,93217.14346162490,1553.62,On-Time,1,179,Partially Recovered,10,Settlement Offer,No
BRW_402,36,Male,Salaried,140703,0,LN_402,1419391,60,9.21,Personal,0.0,488977.0374194650,8149.62,On-Time,2,116,Written Off,7,Calls,No
BRW_403,33,Female,Salaried,71549,1,LN_403,166214,24,13.59,Auto,177917.04320416500,32142.581196021900,1339.27,Delayed,3,18,Fully Recovered,1,Debt Collectors,No
BRW_404,62,Male,Self-Employed,180575,1,LN_404,535001,60,13.48,Personal,0.0,195746.0763649110,3262.43,Delayed,0,0,Partially Recovered,1,Legal Notice,No
BRW_405,50,Female,Business Owner,88794,3,LN_405,903329,24,8.26,Personal,0.0,163957.3939776250,6831.56,On-Time,2,175,Fully Recovered,2,Calls,No
BRW_406,39,Female,Salaried,246804,0,LN_406,1780085,60,13.46,Personal,0.0,1248200.8099389900,20803.35,Delayed,2,59,Partially Recovered,8,Settlement Offer,No
BRW_407,37,Male,Salaried,60113,0,LN_407,1037410,36,7.76,Personal,0.0,228224.1152877560,6339.56,On-Time,1,67,Partially Recovered,5,Calls,No
BRW_408,39,Male,Self-Employed,89069,0,LN_408,1497075,48,6.59,Personal,0.0,1297457.0154827300,27030.35,Missed,6,160,Fully Recovered,0,Debt Collectors,No
BRW_409,48,Male,Salaried,244189,3,LN_409,450826,72,14.12,Business,487597.26402996100,376652.4753714000,5231.28,On-Time,2,150,Fully Recovered,2,Calls,No
BRW_410,46,Male,Self-Employed,151321,0,LN_410,486542,72,6.47,Home,591000.4632205450,54636.48539501710,758.84,On-Time,3,169,Written Off,9,Settlement Offer,Yes
BRW_411,57,Female,Salaried,165273,3,LN_411,1375644,60,17.96,Home,1018278.4219765200,1246544.9279456100,20775.75,On-Time,3,50,Partially Recovered,3,Settlement Offer,No
BRW_412,46,Female,Salaried,140541,2,LN_412,687431,48,7.38,Auto,648777.6754035210,86650.59854288860,1805.22,On-Time,3,108,Fully Recovered,3,Debt Collectors,No
BRW_413,43,Male,Business Owner,204648,3,LN_413,422397,60,12.72,Personal,0.0,133342.79456584500,2222.38,On-Time,1,29,Partially Recovered,8,Settlement Offer,No
BRW_414,29,Male,Salaried,24686,2,LN_414,412441,48,10.35,Personal,0.0,53266.847536122300,1109.73,On-Time,3,139,Partially Recovered,9,Legal Notice,No
BRW_415,32,Male,Self-Employed,68363,0,LN_415,1885877,72,6.64,Personal,0.0,758611.2570265200,10536.27,On-Time,1,57,Fully Recovered,0,Settlement Offer,No
BRW_416,21,Female,Self-Employed,112543,2,LN_416,933520,36,5.36,Personal,0.0,525086.211175468,14585.73,Delayed,0,0,Partially Recovered,9,Legal Notice,No
BRW_417,21,Male,Salaried,146733,3,LN_417,1886022,72,13.1,Home,1475563.1074086700,1540842.9742347000,21400.6,On-Time,2,165,Fully Recovered,2,Calls,No
BRW_418,54,Male,Self-Employed,190915,1,LN_418,584391,72,15.49,Personal,0.0,236201.1386345560,3280.57,On-Time,2,38,Written Off,0,Legal Notice,No
BRW_419,52,Female,Business Owner,110673,2,LN_419,1574314,60,15.95,Personal,0.0,1157027.9404329100,19283.8,On-Time,0,0,Fully Recovered,1,Legal Notice,No
BRW_420,45,Female,Salaried,207035,2,LN_420,1995325,36,11.28,Home,1159191.5135150400,536251.5978108370,14895.88,Delayed,1,68,Fully Recovered,2,Calls,No
BRW_421,60,Male,Self-Employed,57828,0,LN_421,476674,24,15.11,Business,656196.0193789730,369679.09189304500,15403.3,On-Time,2,36,Fully Recovered,2,Settlement Offer,No
BRW_422,21,Female,Salaried,63604,3,LN_422,1058109,72,13.75,Auto,1300278.1999573500,330550.0194138160,4590.97,Missed,3,18,Partially Recovered,5,Legal Notice,No
BRW_423,36,Female,Self-Employed,25526,2,LN_423,132409,24,14.42,Auto,106120.92223988000,30346.855830782500,1264.45,Delayed,1,15,Partially Recovered,5,Settlement Offer,No
BRW_424,59,Male,Self-Employed,83910,2,LN_424,1121824,72,11.4,Auto,1233303.008355620,299378.88834582100,4158.04,On-Time,1,42,Partially Recovered,0,Calls,No
BRW_425,25,Male,Salaried,40592,2,LN_425,1580952,48,13.23,Personal,0.0,417144.9609588240,8690.52,On-Time,0,0,Partially Recovered,2,Debt Collectors,No
BRW_426,42,Male,Business Owner,43982,2,LN_426,748876,36,15.47,Auto,525159.6206029910,420551.2314906910,11681.98,On-Time,0,0,Fully Recovered,1,Settlement Offer,No
BRW_427,49,Male,Business Owner,15207,1,LN_427,1778106,72,10.17,Personal,0.0,1529736.2831065200,21246.34,On-Time,1,78,Written Off,9,Settlement Offer,Yes
BRW_428,23,Female,Self-Employed,247041,3,LN_428,1106600,48,15.48,Home,1538435.8456792,189941.88037991600,3957.12,Delayed,3,152,Fully Recovered,3,Debt Collectors,No
BRW_429,32,Female,Self-Employed,103733,0,LN_429,525430,48,12.7,Home,323090.23999264900,386853.45258339900,8059.45,Missed,9,145,Partially Recovered,1,Debt Collectors,No
BRW_430,46,Male,Self-Employed,245008,0,LN_430,1333440,48,7.16,Personal,0.0,918622.5688435560,19137.97,On-Time,0,0,Fully Recovered,1,Calls,No
BRW_431,36,Male,Salaried,139982,1,LN_431,1970955,36,5.32,Auto,993040.3411243280,1744823.3054920600,48467.31,On-Time,3,73,Partially Recovered,10,Settlement Offer,No
BRW_432,57,Male,Self-Employed,83619,3,LN_432,1273451,60,9.72,Business,1276008.3414191600,407164.0595675730,6786.07,Delayed,3,112,Partially Recovered,0,Settlement Offer,No
BRW_433,42,Male,Salaried,175400,2,LN_433,986800,36,12.11,Personal,0.0,498431.5676953490,13845.32,Delayed,1,31,Partially Recovered,1,Calls,No
BRW_434,49,Female,Salaried,61479,1,LN_434,1452549,72,15.92,Auto,1573296.2368286400,1355583.564228500,18827.55,On-Time,3,119,Fully Recovered,1,Settlement Offer,No
BRW_435,34,Male,Self-Employed,166175,3,LN_435,1977716,72,6.66,Personal,0.0,1372523.245605040,19062.82,On-Time,3,176,Fully Recovered,3,Legal Notice,No
BRW_436,48,Male,Salaried,185963,2,LN_436,1971672,36,15.4,Home,2127365.710998270,887038.6147112860,24639.96,On-Time,3,77,Fully Recovered,3,Legal Notice,No
BRW_437,25,Male,Salaried,156826,1,LN_437,1510049,60,16.22,Home,837340.1815155620,329600.1235863940,5493.34,Delayed,1,179,Partially Recovered,7,Legal Notice,No
BRW_438,50,Female,Salaried,246055,3,LN_438,1242503,48,6.96,Home,1011451.8722275700,417774.8687943570,8703.64,On-Time,1,103,Fully Recovered,2,Settlement Offer,No
BRW_439,25,Male,Salaried,96437,0,LN_439,1183754,36,16.07,Business,1182805.750119210,737589.9317059710,20488.61,On-Time,0,0,Written Off,2,Legal Notice,No
BRW_440,32,Female,Self-Employed,113540,0,LN_440,1097380,72,17.89,Auto,786359.6667236220,819030.8280645610,11375.43,Missed,12,69,Fully Recovered,2,Legal Notice,No
BRW_441,36,Male,Salaried,87982,3,LN_441,937553,12,14.45,Auto,1286909.5168149600,198742.20195528800,16561.85,Delayed,0,0,Fully Recovered,2,Calls,No
BRW_442,46,Female,Self-Employed,117747,0,LN_442,1615116,36,15.2,Personal,0.0,1033088.8154279800,28696.91,Delayed,3,128,Partially Recovered,5,Calls,No
BRW_443,46,Female,Salaried,201994,3,LN_443,856457,48,17.93,Business,502833.8607242710,509862.68469836000,10622.14,On-Time,1,138,Fully Recovered,0,Debt Collectors,No
BRW_444,41,Male,Self-Employed,63231,2,LN_444,1496250,48,12.87,Personal,0.0,841730.2533998750,17536.05,On-Time,1,126,Written Off,0,Debt Collectors,No
BRW_445,59,Male,Salaried,44301,3,LN_445,1162186,48,9.0,Auto,1147524.3747290600,838064.8830817440,17459.69,Missed,12,112,Partially Recovered,2,Debt Collectors,No
BRW_446,56,Female,Salaried,237724,2,LN_446,1693707,60,15.89,Personal,0.0,1445925.5172060200,24098.76,On-Time,3,20,Fully Recovered,1,Debt Collectors,No
BRW_447,53,Female,Self-Employed,208783,1,LN_447,681525,48,12.99,Personal,0.0,266265.48944440400,5547.2,On-Time,0,0,Fully Recovered,0,Calls,No
BRW_448,50,Male,Self-Employed,187395,3,LN_448,1575753,48,12.56,Home,1877377.426874520,1418352.563043520,29549.01,On-Time,1,153,Fully Recovered,0,Calls,No
BRW_449,57,Male,Salaried,33752,1,LN_449,1803767,12,8.3,Personal,0.0,441147.7485789130,36762.31,On-Time,0,0,Fully Recovered,2,Calls,No
BRW_450,43,Female,Salaried,243984,0,LN_450,748787,36,14.83,Personal,0.0,191480.92192342900,5318.91,On-Time,3,10,Partially Recovered,7,Legal Notice,No
BRW_451,30,Male,Salaried,228277,2,LN_451,1585601,24,6.06,Personal,0.0,539254.7457687420,22468.95,Delayed,1,110,Fully Recovered,3,Legal Notice,No
BRW_452,25,Male,Salaried,113452,3,LN_452,1753163,36,17.02,Personal,0.0,363917.68806298700,10108.82,Missed,12,82,Fully Recovered,3,Debt Collectors,No
BRW_453,56,Female,Self-Employed,159467,1,LN_453,1530298,48,9.24,Personal,0.0,470241.14400438200,9796.69,Missed,7,154,Fully Recovered,3,Legal Notice,No
BRW_454,54,Male,Salaried,232029,2,LN_454,1104244,24,6.66,Personal,0.0,216178.49564340000,9007.44,On-Time,2,64,Fully Recovered,3,Settlement Offer,No
BRW_455,51,Male,Salaried,136237,2,LN_455,1321118,36,10.75,Home,1006363.0899074700,1109180.5186606100,30810.57,On-Time,3,6,Fully Recovered,2,Calls,No
BRW_456,30,Male,Salaried,71273,0,LN_456,228267,24,5.55,Personal,0.0,51376.531383885700,2140.69,On-Time,3,23,Partially Recovered,3,Debt Collectors,No
BRW_457,39,Male,Salaried,106878,0,LN_457,1958241,72,13.9,Home,2201534.305058760,1512873.9447722100,21012.14,Delayed,3,58,Partially Recovered,8,Debt Collectors,No
BRW_458,52,Male,Salaried,19895,2,LN_458,205489,72,16.74,Personal,0.0,29410.095523278700,408.47,On-Time,1,172,Partially Recovered,1,Settlement Offer,No
BRW_459,21,Female,Salaried,134968,2,LN_459,394126,48,15.88,Business,523945.2516850140,375865.47034157400,7830.53,Delayed,3,147,Partially Recovered,5,Legal Notice,No
BRW_460,25,Male,Salaried,130700,3,LN_460,1728997,72,6.66,Auto,1193590.558928410,1279533.9920697200,17771.31,Delayed,3,150,Fully Recovered,3,Debt Collectors,No
BRW_461,24,Male,Salaried,91559,2,LN_461,1895759,60,6.64,Personal,0.0,201172.05633595300,3352.87,On-Time,2,5,Partially Recovered,1,Legal Notice,No
BRW_462,36,Male,Self-Employed,25699,3,LN_462,358362,48,15.57,Auto,507878.0057275420,282199.6288122740,5879.16,On-Time,1,172,Fully Recovered,2,Legal Notice,No
BRW_463,44,Male,Salaried,211133,2,LN_463,963081,12,17.02,Auto,1014662.2051950000,541900.3773000770,45158.36,Missed,10,68,Fully Recovered,3,Settlement Offer,No
BRW_464,36,Female,Business Owner,24715,0,LN_464,1892360,60,10.99,Business,1512434.675659160,1516591.5263618300,25276.53,Missed,4,147,Fully Recovered,2,Debt Collectors,No
BRW_465,22,Male,Salaried,34169,3,LN_465,1832988,60,11.49,Home,1706252.0484764000,1045256.1426612700,17420.94,On-Time,3,10,Fully Recovered,0,Legal Notice,No
BRW_466,48,Male,Self-Employed,133413,1,LN_466,1187411,48,9.14,Personal,0.0,803785.0705066890,16745.52,On-Time,1,44,Partially Recovered,3,Legal Notice,No
BRW_467,52,Female,Self-Employed,162235,0,LN_467,1720357,60,16.63,Home,1397259.992615100,1389529.750912400,23158.83,Missed,4,120,Fully Recovered,3,Settlement Offer,No
BRW_468,47,Male,Self-Employed,134264,3,LN_468,865359,48,13.38,Home,1060160.9682487300,402043.41090908400,8375.9,On-Time,3,132,Partially Recovered,9,Settlement Offer,No
BRW_469,40,Male,Self-Employed,20782,3,LN_469,1795030,60,8.75,Home,2326898.5798500600,183878.08915498600,3064.63,On-Time,0,0,Fully Recovered,0,Legal Notice,No
BRW_470,44,Male,Salaried,234249,1,LN_470,151948,72,8.88,Personal,0.0,131427.70314929200,1825.38,On-Time,2,166,Fully Recovered,0,Settlement Offer,No
BRW_471,32,Male,Salaried,139481,3,LN_471,1283770,36,16.59,Auto,1711185.0361369300,568455.0587439970,15790.42,On-Time,1,113,Partially Recovered,3,Legal Notice,No
BRW_472,55,Male,Salaried,230400,2,LN_472,1652357,60,5.18,Business,2455019.5675807500,902911.4035693250,15048.52,On-Time,2,71,Fully Recovered,2,Debt Collectors,No
BRW_473,53,Male,Salaried,50585,1,LN_473,1565331,48,9.2,Personal,0.0,167474.7291565630,3489.06,On-Time,2,46,Fully Recovered,1,Calls,No
BRW_474,53,Female,Salaried,45682,0,LN_474,343851,60,12.21,Personal,0.0,186670.79686580200,3111.18,On-Time,2,149,Fully Recovered,1,Settlement Offer,No
BRW_475,63,Male,Salaried,193936,0,LN_475,1822750,60,6.93,Personal,0.0,1800582.920093380,30009.72,On-Time,0,0,Partially Recovered,4,Calls,No
BRW_476,57,Male,Self-Employed,144992,2,LN_476,1236944,12,6.2,Auto,1597246.3578980200,433475.76209943100,36122.98,Missed,2,111,Partially Recovered,4,Legal Notice,No
BRW_477,32,Female,Salaried,99416,0,LN_477,1255046,48,15.6,Home,1382287.6723814000,572145.906555154,11919.71,Delayed,1,162,Fully Recovered,2,Legal Notice,No
BRW_478,23,Male,Self-Employed,201186,3,LN_478,347986,24,16.63,Home,292036.91475616300,250017.848300034,10417.41,Delayed,1,125,Written Off,1,Legal Notice,No
BRW_479,21,Female,Self-Employed,142810,3,LN_479,63261,60,15.71,Home,66082.15268089070,52716.29598109280,878.6,Delayed,3,23,Partially Recovered,0,Calls,No
BRW_480,53,Male,Business Owner,53067,2,LN_480,1175285,48,16.68,Home,635909.3074579720,559027.2033380090,11646.4,On-Time,1,120,Partially Recovered,7,Legal Notice,No
BRW_481,60,Male,Salaried,188757,0,LN_481,1718849,60,12.19,Personal,0.0,650931.5253983520,10848.86,On-Time,1,89,Partially Recovered,6,Settlement Offer,No
BRW_482,30,Female,Salaried,33073,0,LN_482,418760,24,15.56,Home,521282.9486289060,395327.53880157200,16471.98,Missed,1,104,Fully Recovered,1,Debt Collectors,No
BRW_483,63,Male,Salaried,51035,2,LN_483,903605,48,9.99,Auto,854770.1603229490,641044.9198484180,13355.1,On-Time,3,85,Partially Recovered,2,Debt Collectors,No
BRW_484,64,Male,Salaried,211049,1,LN_484,1392501,36,13.66,Business,724132.867425301,288413.6569752030,8011.49,On-Time,3,82,Fully Recovered,3,Settlement Offer,No
BRW_485,49,Male,Self-Employed,248782,0,LN_485,325796,72,17.85,Business,183262.5115163260,52790.38428628040,733.2,Delayed,2,171,Fully Recovered,1,Debt Collectors,No
BRW_486,33,Male,Salaried,105373,1,LN_486,1365823,72,7.93,Business,1212122.1080164200,730981.4570704490,10152.52,On-Time,3,26,Written Off,8,Calls,No
BRW_487,32,Female,Self-Employed,98362,0,LN_487,1386220,72,10.07,Home,1501860.578093740,413205.926220445,5738.97,On-Time,3,41,Partially Recovered,8,Legal Notice,No
BRW_488,51,Male,Salaried,105517,0,LN_488,820692,60,11.24,Home,791314.4672734190,269668.12969607800,4494.47,Missed,0,0,Fully Recovered,2,Legal Notice,No
BRW_489,22,Male,Self-Employed,80450,0,LN_489,1723200,60,6.79,Auto,1928612.8795578400,1533515.2463005300,25558.59,Delayed,1,84,Fully Recovered,0,Legal Notice,No
BRW_490,55,Male,Self-Employed,25382,0,LN_490,478745,24,6.05,Business,469310.9749250680,86465.85768018090,3602.74,On-Time,3,105,Partially Recovered,6,Calls,No
BRW_491,43,Female,Salaried,150509,3,LN_491,687787,36,15.79,Personal,0.0,511595.0248488390,14210.97,Missed,6,177,Fully Recovered,0,Calls,No
BRW_492,37,Male,Salaried,217043,1,LN_492,723812,48,17.7,Personal,0.0,249011.61503351900,5187.74,Delayed,0,0,Fully Recovered,3,Calls,No
BRW_493,46,Female,Salaried,210684,1,LN_493,885825,60,10.26,Personal,0.0,694748.4720527880,11579.14,Delayed,3,126,Fully Recovered,0,Settlement Offer,No
BRW_494,28,Male,Salaried,236427,0,LN_494,1522966,72,6.14,Home,1769235.458737350,1142483.7788958200,15867.83,On-Time,3,73,Fully Recovered,3,Calls,No
BRW_495,49,Female,Salaried,76929,0,LN_495,1556242,24,5.86,Personal,0.0,165977.42873872300,6915.73,On-Time,0,0,Partially Recovered,1,Debt Collectors,No
BRW_496,46,Female,Salaried,248483,1,LN_496,740796,72,16.59,Personal,0.0,413528.5296156020,5743.45,Delayed,2,169,Fully Recovered,2,Settlement Offer,No
BRW_497,30,Female,Salaried,243590,3,LN_497,1408126,60,11.03,Personal,0.0,317374.04689876200,5289.57,Delayed,2,102,Partially Recovered,9,Settlement Offer,No
BRW_498,46,Female,Salaried,113864,2,LN_498,375203,48,9.16,Personal,0.0,330030.18249879000,6875.63,Delayed,3,140,Fully Recovered,3,Settlement Offer,No
BRW_499,54,Male,Salaried,158401,2,LN_499,1769890,24,11.19,Auto,1272774.0306002000,1565339.0243974100,65222.46,On-Time,3,9,Partially Recovered,9,Calls,No
BRW_500,61,Male,Self-Employed,40169,1,LN_500,394866,12,9.14,Personal,0.0,188158.08205964700,15679.84,On-Time,1,116,Written Off,6,Settlement Offer,Yes